--
-- PostgreSQL database dump
--

-- Dumped from database version 15.1 (Ubuntu 15.1-1.pgdg20.04+1)
-- Dumped by pg_dump version 15.3 (Ubuntu 15.3-1.pgdg20.04+1)

SET statement_timeout = 0;
SET lock_timeout = 0;
SET idle_in_transaction_session_timeout = 0;
SET client_encoding = 'UTF8';
SET standard_conforming_strings = on;
SELECT pg_catalog.set_config('search_path', '', false);
SET check_function_bodies = false;
SET xmloption = content;
SET client_min_messages = warning;
SET row_security = off;

--
-- Data for Name: audit_log_entries; Type: TABLE DATA; Schema: auth; Owner: supabase_auth_admin
--

INSERT INTO "auth"."audit_log_entries" ("instance_id", "id", "payload", "created_at", "ip_address") VALUES
	('00000000-0000-0000-0000-000000000000', '37ebafb0-99f1-456b-89ae-dc0e5b64e1e5', '{"action":"user_confirmation_requested","actor_id":"f84fc398-bb1a-4c6f-a8ad-ffea689a0a8e","actor_username":"masakinihirota@gmail.com","actor_via_sso":false,"log_type":"user","traits":{"provider":"email"}}', '2023-08-23 08:25:10.448555+00', ''),
	('00000000-0000-0000-0000-000000000000', 'acff9e6d-e5fb-419f-8856-d68c07f32964', '{"action":"user_signedup","actor_id":"f84fc398-bb1a-4c6f-a8ad-ffea689a0a8e","actor_username":"masakinihirota@gmail.com","actor_via_sso":false,"log_type":"team"}', '2023-08-23 08:25:47.842044+00', ''),
	('00000000-0000-0000-0000-000000000000', '56651a67-61a4-44ad-8e21-1be22c0e893e', '{"action":"login","actor_id":"f84fc398-bb1a-4c6f-a8ad-ffea689a0a8e","actor_username":"masakinihirota@gmail.com","actor_via_sso":false,"log_type":"account","traits":{"provider_type":"email"}}', '2023-08-23 08:25:49.08896+00', ''),
	('00000000-0000-0000-0000-000000000000', '49b5ea46-5457-4ea0-9dc8-46b14ce0a1b0', '{"action":"logout","actor_id":"f84fc398-bb1a-4c6f-a8ad-ffea689a0a8e","actor_username":"masakinihirota@gmail.com","actor_via_sso":false,"log_type":"account"}', '2023-08-23 08:45:43.910224+00', ''),
	('00000000-0000-0000-0000-000000000000', 'fe2edc9f-d157-46fa-bffc-06096713c244', '{"action":"login","actor_id":"f84fc398-bb1a-4c6f-a8ad-ffea689a0a8e","actor_username":"masakinihirota@gmail.com","actor_via_sso":false,"log_type":"account","traits":{"provider":"email"}}', '2023-08-23 08:45:56.51073+00', ''),
	('00000000-0000-0000-0000-000000000000', 'd5fae992-923d-4712-81a8-7fc978749e95', '{"action":"token_refreshed","actor_id":"f84fc398-bb1a-4c6f-a8ad-ffea689a0a8e","actor_username":"masakinihirota@gmail.com","actor_via_sso":false,"log_type":"token"}', '2023-08-23 11:51:17.709041+00', ''),
	('00000000-0000-0000-0000-000000000000', 'f8ef7381-08cf-42a4-b694-4047a1dc4cff', '{"action":"token_revoked","actor_id":"f84fc398-bb1a-4c6f-a8ad-ffea689a0a8e","actor_username":"masakinihirota@gmail.com","actor_via_sso":false,"log_type":"token"}', '2023-08-23 11:51:17.709623+00', ''),
	('00000000-0000-0000-0000-000000000000', '41566679-260e-4ecf-8190-33774a5b23b2', '{"action":"login","actor_id":"f84fc398-bb1a-4c6f-a8ad-ffea689a0a8e","actor_username":"masakinihirota@gmail.com","actor_via_sso":false,"log_type":"account","traits":{"provider":"email"}}', '2023-08-24 10:13:22.159834+00', ''),
	('00000000-0000-0000-0000-000000000000', 'f34cfe6c-0f0a-4830-a39b-81f70a05080b', '{"action":"token_refreshed","actor_id":"f84fc398-bb1a-4c6f-a8ad-ffea689a0a8e","actor_username":"masakinihirota@gmail.com","actor_via_sso":false,"log_type":"token"}', '2023-08-24 12:39:36.431604+00', ''),
	('00000000-0000-0000-0000-000000000000', 'd9a7dc39-8e98-45a4-a550-7dcb5f5d03f6', '{"action":"token_revoked","actor_id":"f84fc398-bb1a-4c6f-a8ad-ffea689a0a8e","actor_username":"masakinihirota@gmail.com","actor_via_sso":false,"log_type":"token"}', '2023-08-24 12:39:36.432268+00', ''),
	('00000000-0000-0000-0000-000000000000', '7648a999-c361-4aaa-a8ab-398f37e04096', '{"action":"login","actor_id":"f84fc398-bb1a-4c6f-a8ad-ffea689a0a8e","actor_username":"masakinihirota@gmail.com","actor_via_sso":false,"log_type":"account","traits":{"provider":"email"}}', '2023-08-24 14:34:49.771663+00', ''),
	('00000000-0000-0000-0000-000000000000', '06b738f5-8b1a-4865-88a6-f49df8a2616b', '{"action":"token_refreshed","actor_id":"f84fc398-bb1a-4c6f-a8ad-ffea689a0a8e","actor_username":"masakinihirota@gmail.com","actor_via_sso":false,"log_type":"token"}', '2023-08-24 21:01:40.579943+00', ''),
	('00000000-0000-0000-0000-000000000000', '469c5a28-ba4d-4660-ade1-365bf27aa2a9', '{"action":"token_revoked","actor_id":"f84fc398-bb1a-4c6f-a8ad-ffea689a0a8e","actor_username":"masakinihirota@gmail.com","actor_via_sso":false,"log_type":"token"}', '2023-08-24 21:01:40.580567+00', ''),
	('00000000-0000-0000-0000-000000000000', 'd7e5df51-9599-4323-9c1d-e58261109a20', '{"action":"login","actor_id":"f84fc398-bb1a-4c6f-a8ad-ffea689a0a8e","actor_username":"masakinihirota@gmail.com","actor_via_sso":false,"log_type":"account","traits":{"provider":"email"}}', '2023-08-24 21:02:17.138117+00', ''),
	('00000000-0000-0000-0000-000000000000', '268e91f4-3e7d-4f48-ac48-f36f45a68dc7', '{"action":"token_refreshed","actor_id":"f84fc398-bb1a-4c6f-a8ad-ffea689a0a8e","actor_username":"masakinihirota@gmail.com","actor_via_sso":false,"log_type":"token"}', '2023-08-25 06:00:53.409812+00', ''),
	('00000000-0000-0000-0000-000000000000', '2e8a1490-7af0-4fe4-a87b-937e479a1396', '{"action":"token_revoked","actor_id":"f84fc398-bb1a-4c6f-a8ad-ffea689a0a8e","actor_username":"masakinihirota@gmail.com","actor_via_sso":false,"log_type":"token"}', '2023-08-25 06:00:53.411188+00', ''),
	('00000000-0000-0000-0000-000000000000', '08989739-77f7-4d1c-ba8d-affd37d8f269', '{"action":"token_refreshed","actor_id":"f84fc398-bb1a-4c6f-a8ad-ffea689a0a8e","actor_username":"masakinihirota@gmail.com","actor_via_sso":false,"log_type":"token"}', '2023-08-25 06:00:53.435219+00', ''),
	('00000000-0000-0000-0000-000000000000', '465411b8-9fcb-4815-9cef-3778c53913e6', '{"action":"token_revoked","actor_id":"f84fc398-bb1a-4c6f-a8ad-ffea689a0a8e","actor_username":"masakinihirota@gmail.com","actor_via_sso":false,"log_type":"token"}', '2023-08-25 06:00:53.435822+00', ''),
	('00000000-0000-0000-0000-000000000000', 'bc7bb577-0349-48ba-97c2-a5da37440250', '{"action":"token_refreshed","actor_id":"f84fc398-bb1a-4c6f-a8ad-ffea689a0a8e","actor_username":"masakinihirota@gmail.com","actor_via_sso":false,"log_type":"token"}', '2023-08-25 06:00:58.281095+00', ''),
	('00000000-0000-0000-0000-000000000000', '9aa228d4-b540-4483-b1fe-d026d56eab90', '{"action":"token_revoked","actor_id":"f84fc398-bb1a-4c6f-a8ad-ffea689a0a8e","actor_username":"masakinihirota@gmail.com","actor_via_sso":false,"log_type":"token"}', '2023-08-25 06:00:58.281808+00', ''),
	('00000000-0000-0000-0000-000000000000', '2133bf36-853c-430c-a383-7a9b3a8b3b70', '{"action":"login","actor_id":"f84fc398-bb1a-4c6f-a8ad-ffea689a0a8e","actor_username":"masakinihirota@gmail.com","actor_via_sso":false,"log_type":"account","traits":{"provider":"email"}}', '2023-08-26 10:59:42.27984+00', ''),
	('00000000-0000-0000-0000-000000000000', '14d5e254-da0b-4003-b669-f3c9576c163e', '{"action":"token_refreshed","actor_id":"f84fc398-bb1a-4c6f-a8ad-ffea689a0a8e","actor_username":"masakinihirota@gmail.com","actor_via_sso":false,"log_type":"token"}', '2023-08-26 14:50:31.748305+00', ''),
	('00000000-0000-0000-0000-000000000000', 'f48441a9-ac56-44e7-8685-26e18923b9cd', '{"action":"token_revoked","actor_id":"f84fc398-bb1a-4c6f-a8ad-ffea689a0a8e","actor_username":"masakinihirota@gmail.com","actor_via_sso":false,"log_type":"token"}', '2023-08-26 14:50:31.750548+00', ''),
	('00000000-0000-0000-0000-000000000000', 'd494af07-3bb2-4aaf-b20d-290d87492e02', '{"action":"logout","actor_id":"f84fc398-bb1a-4c6f-a8ad-ffea689a0a8e","actor_username":"masakinihirota@gmail.com","actor_via_sso":false,"log_type":"account"}', '2023-08-26 14:53:01.28235+00', ''),
	('00000000-0000-0000-0000-000000000000', '041d79ac-544c-4d75-8e11-86288ea7a1c7', '{"action":"login","actor_id":"f84fc398-bb1a-4c6f-a8ad-ffea689a0a8e","actor_username":"masakinihirota@gmail.com","actor_via_sso":false,"log_type":"account","traits":{"provider":"email"}}', '2023-08-26 14:53:09.065247+00', ''),
	('00000000-0000-0000-0000-000000000000', '9e3a785e-2ed2-4fa1-a28d-bacf6a6b8016', '{"action":"token_refreshed","actor_id":"f84fc398-bb1a-4c6f-a8ad-ffea689a0a8e","actor_username":"masakinihirota@gmail.com","actor_via_sso":false,"log_type":"token"}', '2023-08-26 16:56:56.117352+00', ''),
	('00000000-0000-0000-0000-000000000000', '6b16c783-4a17-4331-b663-ff8d4464c99a', '{"action":"token_revoked","actor_id":"f84fc398-bb1a-4c6f-a8ad-ffea689a0a8e","actor_username":"masakinihirota@gmail.com","actor_via_sso":false,"log_type":"token"}', '2023-08-26 16:56:56.118122+00', ''),
	('00000000-0000-0000-0000-000000000000', 'fc37473c-483b-4fbb-9c04-4f591348b89a', '{"action":"token_refreshed","actor_id":"f84fc398-bb1a-4c6f-a8ad-ffea689a0a8e","actor_username":"masakinihirota@gmail.com","actor_via_sso":false,"log_type":"token"}', '2023-08-26 16:56:56.136691+00', ''),
	('00000000-0000-0000-0000-000000000000', '83b8225c-33cf-4666-964e-596262b09a13', '{"action":"token_revoked","actor_id":"f84fc398-bb1a-4c6f-a8ad-ffea689a0a8e","actor_username":"masakinihirota@gmail.com","actor_via_sso":false,"log_type":"token"}', '2023-08-26 16:56:56.137352+00', ''),
	('00000000-0000-0000-0000-000000000000', '721be49e-1b3f-48b6-857a-5746edd223ea', '{"action":"token_refreshed","actor_id":"f84fc398-bb1a-4c6f-a8ad-ffea689a0a8e","actor_username":"masakinihirota@gmail.com","actor_via_sso":false,"log_type":"token"}', '2023-08-26 17:59:30.359444+00', ''),
	('00000000-0000-0000-0000-000000000000', 'c11ee693-257b-4c27-beeb-8e38edca394d', '{"action":"token_revoked","actor_id":"f84fc398-bb1a-4c6f-a8ad-ffea689a0a8e","actor_username":"masakinihirota@gmail.com","actor_via_sso":false,"log_type":"token"}', '2023-08-26 17:59:30.360119+00', ''),
	('00000000-0000-0000-0000-000000000000', '63c7b908-835e-44ed-978c-109852203691', '{"action":"login","actor_id":"f84fc398-bb1a-4c6f-a8ad-ffea689a0a8e","actor_username":"masakinihirota@gmail.com","actor_via_sso":false,"log_type":"account","traits":{"provider":"email"}}', '2023-08-26 23:19:33.264114+00', ''),
	('00000000-0000-0000-0000-000000000000', 'ebeb0981-5cc0-49ab-b2b5-3557aa2b916e', '{"action":"token_refreshed","actor_id":"f84fc398-bb1a-4c6f-a8ad-ffea689a0a8e","actor_username":"masakinihirota@gmail.com","actor_via_sso":false,"log_type":"token"}', '2023-08-28 19:21:12.193072+00', ''),
	('00000000-0000-0000-0000-000000000000', '66e02d60-18b5-43a1-83d2-399747f7d153', '{"action":"token_revoked","actor_id":"f84fc398-bb1a-4c6f-a8ad-ffea689a0a8e","actor_username":"masakinihirota@gmail.com","actor_via_sso":false,"log_type":"token"}', '2023-08-28 19:21:12.194735+00', ''),
	('00000000-0000-0000-0000-000000000000', '250465b0-bc9a-4293-a2ba-4f650f89f0b7', '{"action":"token_refreshed","actor_id":"f84fc398-bb1a-4c6f-a8ad-ffea689a0a8e","actor_username":"masakinihirota@gmail.com","actor_via_sso":false,"log_type":"token"}', '2023-08-28 19:21:12.204768+00', ''),
	('00000000-0000-0000-0000-000000000000', '9fe0e9c1-d447-46dd-9184-f7bd9d856e70', '{"action":"token_revoked","actor_id":"f84fc398-bb1a-4c6f-a8ad-ffea689a0a8e","actor_username":"masakinihirota@gmail.com","actor_via_sso":false,"log_type":"token"}', '2023-08-28 19:21:12.205345+00', ''),
	('00000000-0000-0000-0000-000000000000', '2e8fc3c7-25b8-4f68-8d04-0db2f4547849', '{"action":"login","actor_id":"f84fc398-bb1a-4c6f-a8ad-ffea689a0a8e","actor_username":"masakinihirota@gmail.com","actor_via_sso":false,"log_type":"account","traits":{"provider":"email"}}', '2023-08-30 08:49:20.949327+00', ''),
	('00000000-0000-0000-0000-000000000000', '3719c2b9-e09f-42a7-a97d-51944729af3a', '{"action":"token_refreshed","actor_id":"f84fc398-bb1a-4c6f-a8ad-ffea689a0a8e","actor_username":"masakinihirota@gmail.com","actor_via_sso":false,"log_type":"token"}', '2023-08-30 22:26:57.975929+00', ''),
	('00000000-0000-0000-0000-000000000000', 'ef8bb664-f385-4cb3-91c6-349619b7554d', '{"action":"token_revoked","actor_id":"f84fc398-bb1a-4c6f-a8ad-ffea689a0a8e","actor_username":"masakinihirota@gmail.com","actor_via_sso":false,"log_type":"token"}', '2023-08-30 22:26:57.977478+00', ''),
	('00000000-0000-0000-0000-000000000000', 'aa84faf9-7ca3-47f0-838b-85ad9fd8d0bf', '{"action":"token_refreshed","actor_id":"f84fc398-bb1a-4c6f-a8ad-ffea689a0a8e","actor_username":"masakinihirota@gmail.com","actor_via_sso":false,"log_type":"token"}', '2023-08-30 22:26:58.030556+00', ''),
	('00000000-0000-0000-0000-000000000000', '98932ebc-4359-4935-9487-e363430202da', '{"action":"token_revoked","actor_id":"f84fc398-bb1a-4c6f-a8ad-ffea689a0a8e","actor_username":"masakinihirota@gmail.com","actor_via_sso":false,"log_type":"token"}', '2023-08-30 22:26:58.031199+00', ''),
	('00000000-0000-0000-0000-000000000000', 'deb5facb-1282-4b26-9e67-6cca7eea4b66', '{"action":"token_refreshed","actor_id":"f84fc398-bb1a-4c6f-a8ad-ffea689a0a8e","actor_username":"masakinihirota@gmail.com","actor_via_sso":false,"log_type":"token"}', '2023-08-30 22:26:58.066216+00', ''),
	('00000000-0000-0000-0000-000000000000', 'd71e706f-f878-4721-9645-c290033e2246', '{"action":"token_revoked","actor_id":"f84fc398-bb1a-4c6f-a8ad-ffea689a0a8e","actor_username":"masakinihirota@gmail.com","actor_via_sso":false,"log_type":"token"}', '2023-08-30 22:26:58.067678+00', ''),
	('00000000-0000-0000-0000-000000000000', 'be3aa8fb-7c26-441b-9404-d4ad5cd52403', '{"action":"token_refreshed","actor_id":"f84fc398-bb1a-4c6f-a8ad-ffea689a0a8e","actor_username":"masakinihirota@gmail.com","actor_via_sso":false,"log_type":"token"}', '2023-08-30 22:26:58.161205+00', ''),
	('00000000-0000-0000-0000-000000000000', '15514f1b-5df0-420c-a4e9-d130010b3bbb', '{"action":"token_revoked","actor_id":"f84fc398-bb1a-4c6f-a8ad-ffea689a0a8e","actor_username":"masakinihirota@gmail.com","actor_via_sso":false,"log_type":"token"}', '2023-08-30 22:26:58.161794+00', ''),
	('00000000-0000-0000-0000-000000000000', '92bf8994-e7f2-4e96-813a-ec0b88200675', '{"action":"token_refreshed","actor_id":"f84fc398-bb1a-4c6f-a8ad-ffea689a0a8e","actor_username":"masakinihirota@gmail.com","actor_via_sso":false,"log_type":"token"}', '2023-08-30 22:26:57.986441+00', ''),
	('00000000-0000-0000-0000-000000000000', '03db0c2b-95bc-4fe4-9e66-af253120752e', '{"action":"token_revoked","actor_id":"f84fc398-bb1a-4c6f-a8ad-ffea689a0a8e","actor_username":"masakinihirota@gmail.com","actor_via_sso":false,"log_type":"token"}', '2023-08-30 22:26:57.991937+00', ''),
	('00000000-0000-0000-0000-000000000000', '8c24f9dd-63c5-4af1-bb6d-db4c459b97ff', '{"action":"login","actor_id":"f84fc398-bb1a-4c6f-a8ad-ffea689a0a8e","actor_username":"masakinihirota@gmail.com","actor_via_sso":false,"log_type":"account","traits":{"provider":"email"}}', '2023-08-30 22:45:07.214321+00', ''),
	('00000000-0000-0000-0000-000000000000', '68877e54-de4b-470b-b95e-75941f80c2ad', '{"action":"token_refreshed","actor_id":"f84fc398-bb1a-4c6f-a8ad-ffea689a0a8e","actor_username":"masakinihirota@gmail.com","actor_via_sso":false,"log_type":"token"}', '2023-08-31 00:06:05.069199+00', ''),
	('00000000-0000-0000-0000-000000000000', '679f10b1-6545-4369-b203-eb0731c1bdd6', '{"action":"token_revoked","actor_id":"f84fc398-bb1a-4c6f-a8ad-ffea689a0a8e","actor_username":"masakinihirota@gmail.com","actor_via_sso":false,"log_type":"token"}', '2023-08-31 00:06:05.070475+00', ''),
	('00000000-0000-0000-0000-000000000000', '89eb52b7-0d78-4d88-8658-1c910ffc0318', '{"action":"login","actor_id":"f84fc398-bb1a-4c6f-a8ad-ffea689a0a8e","actor_username":"masakinihirota@gmail.com","actor_via_sso":false,"log_type":"account","traits":{"provider":"email"}}', '2023-08-31 03:53:58.323159+00', ''),
	('00000000-0000-0000-0000-000000000000', 'd75335eb-8030-4cc7-a878-ddc986d48471', '{"action":"logout","actor_id":"f84fc398-bb1a-4c6f-a8ad-ffea689a0a8e","actor_username":"masakinihirota@gmail.com","actor_via_sso":false,"log_type":"account"}', '2023-08-31 03:54:07.733486+00', ''),
	('00000000-0000-0000-0000-000000000000', '44185775-2916-492d-9bc7-2a9a804e86c4', '{"action":"login","actor_id":"f84fc398-bb1a-4c6f-a8ad-ffea689a0a8e","actor_username":"masakinihirota@gmail.com","actor_via_sso":false,"log_type":"account","traits":{"provider":"email"}}', '2023-08-31 05:35:40.047578+00', ''),
	('00000000-0000-0000-0000-000000000000', '9c486dc6-524c-4d3a-8560-303aa3250ece', '{"action":"token_refreshed","actor_id":"f84fc398-bb1a-4c6f-a8ad-ffea689a0a8e","actor_username":"masakinihirota@gmail.com","actor_via_sso":false,"log_type":"token"}', '2023-08-31 06:38:41.628483+00', ''),
	('00000000-0000-0000-0000-000000000000', 'e2bd7548-7b84-412f-b2ee-3da087a5d9ce', '{"action":"token_revoked","actor_id":"f84fc398-bb1a-4c6f-a8ad-ffea689a0a8e","actor_username":"masakinihirota@gmail.com","actor_via_sso":false,"log_type":"token"}', '2023-08-31 06:38:41.629818+00', ''),
	('00000000-0000-0000-0000-000000000000', '66e32664-3c21-4d9b-95eb-1207a70e4943', '{"action":"login","actor_id":"f84fc398-bb1a-4c6f-a8ad-ffea689a0a8e","actor_username":"masakinihirota@gmail.com","actor_via_sso":false,"log_type":"account","traits":{"provider":"email"}}', '2023-08-31 07:59:15.917367+00', ''),
	('00000000-0000-0000-0000-000000000000', 'c0d37f23-74c4-497d-a6d5-9c81cfb9084a', '{"action":"token_refreshed","actor_id":"f84fc398-bb1a-4c6f-a8ad-ffea689a0a8e","actor_username":"masakinihirota@gmail.com","actor_via_sso":false,"log_type":"token"}', '2023-08-31 23:15:02.873535+00', ''),
	('00000000-0000-0000-0000-000000000000', 'bde46edc-a10d-465a-8f5d-2c15a70027db', '{"action":"token_revoked","actor_id":"f84fc398-bb1a-4c6f-a8ad-ffea689a0a8e","actor_username":"masakinihirota@gmail.com","actor_via_sso":false,"log_type":"token"}', '2023-08-31 23:15:02.874176+00', ''),
	('00000000-0000-0000-0000-000000000000', '44749643-7de5-466f-83cb-266d618bd253', '{"action":"login","actor_id":"f84fc398-bb1a-4c6f-a8ad-ffea689a0a8e","actor_username":"masakinihirota@gmail.com","actor_via_sso":false,"log_type":"account","traits":{"provider":"email"}}', '2023-09-01 06:40:52.769918+00', ''),
	('00000000-0000-0000-0000-000000000000', 'e2db89c9-1ad5-4134-ab3a-6686904869f1', '{"action":"token_refreshed","actor_id":"f84fc398-bb1a-4c6f-a8ad-ffea689a0a8e","actor_username":"masakinihirota@gmail.com","actor_via_sso":false,"log_type":"token"}', '2023-09-01 08:18:18.437437+00', ''),
	('00000000-0000-0000-0000-000000000000', 'd4638165-802a-41d7-ba16-8129507be9f8', '{"action":"token_revoked","actor_id":"f84fc398-bb1a-4c6f-a8ad-ffea689a0a8e","actor_username":"masakinihirota@gmail.com","actor_via_sso":false,"log_type":"token"}', '2023-09-01 08:18:18.438161+00', ''),
	('00000000-0000-0000-0000-000000000000', 'f75f34bb-50a6-4139-870f-8c2a4c2b3668', '{"action":"login","actor_id":"f84fc398-bb1a-4c6f-a8ad-ffea689a0a8e","actor_username":"masakinihirota@gmail.com","actor_via_sso":false,"log_type":"account","traits":{"provider":"email"}}', '2023-09-09 20:30:49.890292+00', ''),
	('00000000-0000-0000-0000-000000000000', '6735df89-cd9b-4c95-afb8-49a6a01e7236', '{"action":"token_refreshed","actor_id":"f84fc398-bb1a-4c6f-a8ad-ffea689a0a8e","actor_username":"masakinihirota@gmail.com","actor_via_sso":false,"log_type":"token"}', '2023-09-10 03:43:25.255628+00', ''),
	('00000000-0000-0000-0000-000000000000', '8a8cc279-606c-4a1f-b7d8-958615458290', '{"action":"token_revoked","actor_id":"f84fc398-bb1a-4c6f-a8ad-ffea689a0a8e","actor_username":"masakinihirota@gmail.com","actor_via_sso":false,"log_type":"token"}', '2023-09-10 03:43:25.256224+00', ''),
	('00000000-0000-0000-0000-000000000000', '8dd61c90-52f5-4ed2-8d61-98d0a2ea636f', '{"action":"login","actor_id":"f84fc398-bb1a-4c6f-a8ad-ffea689a0a8e","actor_username":"masakinihirota@gmail.com","actor_via_sso":false,"log_type":"account","traits":{"provider":"email"}}', '2023-09-10 03:46:20.923178+00', ''),
	('00000000-0000-0000-0000-000000000000', 'a67eb393-2336-4256-a2e4-e5699e88871a', '{"action":"logout","actor_id":"f84fc398-bb1a-4c6f-a8ad-ffea689a0a8e","actor_username":"masakinihirota@gmail.com","actor_via_sso":false,"log_type":"account"}', '2023-09-10 04:44:01.2565+00', ''),
	('00000000-0000-0000-0000-000000000000', '66d2d59b-2027-4944-a659-b59a9164e7ad', '{"action":"user_repeated_signup","actor_id":"f84fc398-bb1a-4c6f-a8ad-ffea689a0a8e","actor_username":"masakinihirota@gmail.com","actor_via_sso":false,"log_type":"user","traits":{"provider":"email"}}', '2023-09-10 19:51:27.686701+00', ''),
	('00000000-0000-0000-0000-000000000000', '44fa0650-7169-45e9-973d-20f885dbcb8b', '{"action":"user_confirmation_requested","actor_id":"696220f1-5707-4f62-adc2-f8b5bfa5ea16","actor_username":"kumonopanya@gmail.com","actor_via_sso":false,"log_type":"user","traits":{"provider":"email"}}', '2023-09-10 19:53:36.14569+00', ''),
	('00000000-0000-0000-0000-000000000000', '39bccf42-d524-4cbf-867c-33fd8bdbb1d9', '{"action":"user_signedup","actor_id":"696220f1-5707-4f62-adc2-f8b5bfa5ea16","actor_username":"kumonopanya@gmail.com","actor_via_sso":false,"log_type":"team"}', '2023-09-10 19:54:02.178774+00', ''),
	('00000000-0000-0000-0000-000000000000', '64b6c634-307c-4e21-a17f-6e5b59f14eef', '{"action":"login","actor_id":"696220f1-5707-4f62-adc2-f8b5bfa5ea16","actor_username":"kumonopanya@gmail.com","actor_via_sso":false,"log_type":"account","traits":{"provider_type":"email"}}', '2023-09-10 19:54:03.122815+00', ''),
	('00000000-0000-0000-0000-000000000000', 'd3097b54-f3a2-4096-83f6-1fb5f2313992', '{"action":"logout","actor_id":"696220f1-5707-4f62-adc2-f8b5bfa5ea16","actor_username":"kumonopanya@gmail.com","actor_via_sso":false,"log_type":"account"}', '2023-09-10 20:02:41.881894+00', ''),
	('00000000-0000-0000-0000-000000000000', '876982fc-eacf-451f-bed5-c9f23b3868c6', '{"action":"login","actor_id":"f84fc398-bb1a-4c6f-a8ad-ffea689a0a8e","actor_username":"masakinihirota@gmail.com","actor_via_sso":false,"log_type":"account","traits":{"provider":"email"}}', '2023-09-10 20:04:19.63045+00', ''),
	('00000000-0000-0000-0000-000000000000', 'ef696066-7a80-40f5-8ce8-3e7db39e7bc9', '{"action":"token_refreshed","actor_id":"f84fc398-bb1a-4c6f-a8ad-ffea689a0a8e","actor_username":"masakinihirota@gmail.com","actor_via_sso":false,"log_type":"token"}', '2023-09-10 21:02:21.050739+00', ''),
	('00000000-0000-0000-0000-000000000000', '3b6b96cb-dc0e-462c-9891-ba0b241199e2', '{"action":"token_revoked","actor_id":"f84fc398-bb1a-4c6f-a8ad-ffea689a0a8e","actor_username":"masakinihirota@gmail.com","actor_via_sso":false,"log_type":"token"}', '2023-09-10 21:02:21.051394+00', ''),
	('00000000-0000-0000-0000-000000000000', '26bdc552-77ea-460d-8425-fcd6730d8b79', '{"action":"token_refreshed","actor_id":"f84fc398-bb1a-4c6f-a8ad-ffea689a0a8e","actor_username":"masakinihirota@gmail.com","actor_via_sso":false,"log_type":"token"}', '2023-09-10 22:00:20.986086+00', ''),
	('00000000-0000-0000-0000-000000000000', '330d4d83-5f81-4d78-ac33-363fbe4b0b93', '{"action":"token_revoked","actor_id":"f84fc398-bb1a-4c6f-a8ad-ffea689a0a8e","actor_username":"masakinihirota@gmail.com","actor_via_sso":false,"log_type":"token"}', '2023-09-10 22:00:20.986758+00', ''),
	('00000000-0000-0000-0000-000000000000', 'f9053fb9-336c-49af-8ea4-648b7031c016', '{"action":"token_refreshed","actor_id":"f84fc398-bb1a-4c6f-a8ad-ffea689a0a8e","actor_username":"masakinihirota@gmail.com","actor_via_sso":false,"log_type":"token"}', '2023-09-10 22:58:43.877434+00', ''),
	('00000000-0000-0000-0000-000000000000', '623922ec-accb-4291-9905-4c953258b2f6', '{"action":"token_revoked","actor_id":"f84fc398-bb1a-4c6f-a8ad-ffea689a0a8e","actor_username":"masakinihirota@gmail.com","actor_via_sso":false,"log_type":"token"}', '2023-09-10 22:58:43.87812+00', ''),
	('00000000-0000-0000-0000-000000000000', 'd4a137d8-b9a6-4183-8e58-0393956a0320', '{"action":"login","actor_id":"f84fc398-bb1a-4c6f-a8ad-ffea689a0a8e","actor_username":"masakinihirota@gmail.com","actor_via_sso":false,"log_type":"account","traits":{"provider":"email"}}', '2023-09-10 23:53:41.065594+00', ''),
	('00000000-0000-0000-0000-000000000000', '494e05a7-2df9-49f1-b2ca-1e2b1457117e', '{"action":"token_refreshed","actor_id":"f84fc398-bb1a-4c6f-a8ad-ffea689a0a8e","actor_username":"masakinihirota@gmail.com","actor_via_sso":false,"log_type":"token"}', '2023-09-10 23:58:40.083602+00', ''),
	('00000000-0000-0000-0000-000000000000', '49aa266c-c653-40b4-bbba-9adf43cf1514', '{"action":"token_revoked","actor_id":"f84fc398-bb1a-4c6f-a8ad-ffea689a0a8e","actor_username":"masakinihirota@gmail.com","actor_via_sso":false,"log_type":"token"}', '2023-09-10 23:58:40.084227+00', ''),
	('00000000-0000-0000-0000-000000000000', '682d7fcd-5626-4eb9-bdf3-f4184dabab91', '{"action":"token_refreshed","actor_id":"f84fc398-bb1a-4c6f-a8ad-ffea689a0a8e","actor_username":"masakinihirota@gmail.com","actor_via_sso":false,"log_type":"token"}', '2023-09-10 23:58:40.106822+00', ''),
	('00000000-0000-0000-0000-000000000000', '7a99ff8e-3745-40c1-813c-d9a0721204f7', '{"action":"token_revoked","actor_id":"f84fc398-bb1a-4c6f-a8ad-ffea689a0a8e","actor_username":"masakinihirota@gmail.com","actor_via_sso":false,"log_type":"token"}', '2023-09-10 23:58:40.107393+00', ''),
	('00000000-0000-0000-0000-000000000000', '9451796c-9d2a-4e6b-9152-8f3fd3a59f7e', '{"action":"token_refreshed","actor_id":"f84fc398-bb1a-4c6f-a8ad-ffea689a0a8e","actor_username":"masakinihirota@gmail.com","actor_via_sso":false,"log_type":"token"}', '2023-09-11 01:15:16.98467+00', ''),
	('00000000-0000-0000-0000-000000000000', 'd9f966b6-241b-4110-bd8b-977982d04cc1', '{"action":"token_revoked","actor_id":"f84fc398-bb1a-4c6f-a8ad-ffea689a0a8e","actor_username":"masakinihirota@gmail.com","actor_via_sso":false,"log_type":"token"}', '2023-09-11 01:15:16.985285+00', ''),
	('00000000-0000-0000-0000-000000000000', '247c6889-8886-41bb-82ff-3781bf8350d5', '{"action":"token_refreshed","actor_id":"f84fc398-bb1a-4c6f-a8ad-ffea689a0a8e","actor_username":"masakinihirota@gmail.com","actor_via_sso":false,"log_type":"token"}', '2023-09-11 01:15:17.104913+00', ''),
	('00000000-0000-0000-0000-000000000000', '35e77d86-f9ef-4ec9-890c-6ec777fd35e9', '{"action":"token_revoked","actor_id":"f84fc398-bb1a-4c6f-a8ad-ffea689a0a8e","actor_username":"masakinihirota@gmail.com","actor_via_sso":false,"log_type":"token"}', '2023-09-11 01:15:17.105497+00', ''),
	('00000000-0000-0000-0000-000000000000', '153a3570-30a4-4f39-9643-7cff4935361e', '{"action":"token_refreshed","actor_id":"f84fc398-bb1a-4c6f-a8ad-ffea689a0a8e","actor_username":"masakinihirota@gmail.com","actor_via_sso":false,"log_type":"token"}', '2023-09-11 01:15:17.343421+00', ''),
	('00000000-0000-0000-0000-000000000000', 'bf994a73-81e0-460d-a240-5090c9ef016e', '{"action":"token_revoked","actor_id":"f84fc398-bb1a-4c6f-a8ad-ffea689a0a8e","actor_username":"masakinihirota@gmail.com","actor_via_sso":false,"log_type":"token"}', '2023-09-11 01:15:17.344135+00', ''),
	('00000000-0000-0000-0000-000000000000', '46bfb06b-0539-4813-a4e4-a48ca2473b67', '{"action":"login","actor_id":"f84fc398-bb1a-4c6f-a8ad-ffea689a0a8e","actor_username":"masakinihirota@gmail.com","actor_via_sso":false,"log_type":"account","traits":{"provider":"email"}}', '2023-09-11 01:48:26.718546+00', ''),
	('00000000-0000-0000-0000-000000000000', '5c489db1-408f-4bba-93fa-f866afdb66ee', '{"action":"token_refreshed","actor_id":"f84fc398-bb1a-4c6f-a8ad-ffea689a0a8e","actor_username":"masakinihirota@gmail.com","actor_via_sso":false,"log_type":"token"}', '2023-09-11 10:03:55.413967+00', ''),
	('00000000-0000-0000-0000-000000000000', 'f9757c56-3d78-4249-b9d4-96f68a8bcfe9', '{"action":"token_revoked","actor_id":"f84fc398-bb1a-4c6f-a8ad-ffea689a0a8e","actor_username":"masakinihirota@gmail.com","actor_via_sso":false,"log_type":"token"}', '2023-09-11 10:03:55.416685+00', ''),
	('00000000-0000-0000-0000-000000000000', '67ab6772-2e28-48e5-97d2-3bdd4edc7213', '{"action":"login","actor_id":"f84fc398-bb1a-4c6f-a8ad-ffea689a0a8e","actor_username":"masakinihirota@gmail.com","actor_via_sso":false,"log_type":"account","traits":{"provider":"email"}}', '2023-09-11 10:04:35.871646+00', ''),
	('00000000-0000-0000-0000-000000000000', 'b102b8b1-9322-4af3-92c4-33a67ef2ea0e', '{"action":"token_refreshed","actor_id":"f84fc398-bb1a-4c6f-a8ad-ffea689a0a8e","actor_username":"masakinihirota@gmail.com","actor_via_sso":false,"log_type":"token"}', '2023-09-11 11:45:59.80194+00', ''),
	('00000000-0000-0000-0000-000000000000', '8c13a45a-25b8-4ca0-aca5-51a01cd754e7', '{"action":"token_revoked","actor_id":"f84fc398-bb1a-4c6f-a8ad-ffea689a0a8e","actor_username":"masakinihirota@gmail.com","actor_via_sso":false,"log_type":"token"}', '2023-09-11 11:45:59.802538+00', ''),
	('00000000-0000-0000-0000-000000000000', '3684edcb-123d-4dda-8b0a-8697f9b6856a', '{"action":"token_refreshed","actor_id":"f84fc398-bb1a-4c6f-a8ad-ffea689a0a8e","actor_username":"masakinihirota@gmail.com","actor_via_sso":false,"log_type":"token"}', '2023-09-11 13:55:33.716015+00', ''),
	('00000000-0000-0000-0000-000000000000', '353b320d-9237-42aa-a591-be9f35f09e25', '{"action":"token_revoked","actor_id":"f84fc398-bb1a-4c6f-a8ad-ffea689a0a8e","actor_username":"masakinihirota@gmail.com","actor_via_sso":false,"log_type":"token"}', '2023-09-11 13:55:33.716653+00', ''),
	('00000000-0000-0000-0000-000000000000', '304b5bd5-ec66-4ba2-ac8e-e74d894118f3', '{"action":"token_refreshed","actor_id":"f84fc398-bb1a-4c6f-a8ad-ffea689a0a8e","actor_username":"masakinihirota@gmail.com","actor_via_sso":false,"log_type":"token"}', '2023-09-11 13:55:43.226737+00', ''),
	('00000000-0000-0000-0000-000000000000', '602a3cc8-4225-4f6d-a79e-e68f26a26eaf', '{"action":"token_revoked","actor_id":"f84fc398-bb1a-4c6f-a8ad-ffea689a0a8e","actor_username":"masakinihirota@gmail.com","actor_via_sso":false,"log_type":"token"}', '2023-09-11 13:55:43.227315+00', ''),
	('00000000-0000-0000-0000-000000000000', '00933ef7-1c0a-4cae-a89a-0da28a0bebdb', '{"action":"token_refreshed","actor_id":"f84fc398-bb1a-4c6f-a8ad-ffea689a0a8e","actor_username":"masakinihirota@gmail.com","actor_via_sso":false,"log_type":"token"}', '2023-09-11 13:57:30.205709+00', ''),
	('00000000-0000-0000-0000-000000000000', '0ebf6039-c93b-40fe-b1ff-fc7efa3245b4', '{"action":"token_revoked","actor_id":"f84fc398-bb1a-4c6f-a8ad-ffea689a0a8e","actor_username":"masakinihirota@gmail.com","actor_via_sso":false,"log_type":"token"}', '2023-09-11 13:57:30.206287+00', ''),
	('00000000-0000-0000-0000-000000000000', '2183c020-7d5d-405c-a4de-0aafff688d2a', '{"action":"token_refreshed","actor_id":"f84fc398-bb1a-4c6f-a8ad-ffea689a0a8e","actor_username":"masakinihirota@gmail.com","actor_via_sso":false,"log_type":"token"}', '2023-09-11 13:57:38.124262+00', ''),
	('00000000-0000-0000-0000-000000000000', 'f0ac99e3-d370-45b6-80f1-963243f39106', '{"action":"token_revoked","actor_id":"f84fc398-bb1a-4c6f-a8ad-ffea689a0a8e","actor_username":"masakinihirota@gmail.com","actor_via_sso":false,"log_type":"token"}', '2023-09-11 13:57:38.125021+00', ''),
	('00000000-0000-0000-0000-000000000000', '6386222d-3c0d-440f-996e-2bf237da7b25', '{"action":"login","actor_id":"f84fc398-bb1a-4c6f-a8ad-ffea689a0a8e","actor_username":"masakinihirota@gmail.com","actor_via_sso":false,"log_type":"account","traits":{"provider":"email"}}', '2023-09-11 13:58:52.862857+00', ''),
	('00000000-0000-0000-0000-000000000000', '0f68a491-8e72-4281-ba9b-6e5aed32d285', '{"action":"token_refreshed","actor_id":"f84fc398-bb1a-4c6f-a8ad-ffea689a0a8e","actor_username":"masakinihirota@gmail.com","actor_via_sso":false,"log_type":"token"}', '2023-09-11 15:18:31.143814+00', ''),
	('00000000-0000-0000-0000-000000000000', '95410114-087a-47c8-b4ef-c16048b15b5f', '{"action":"token_revoked","actor_id":"f84fc398-bb1a-4c6f-a8ad-ffea689a0a8e","actor_username":"masakinihirota@gmail.com","actor_via_sso":false,"log_type":"token"}', '2023-09-11 15:18:31.144554+00', ''),
	('00000000-0000-0000-0000-000000000000', 'f0a269db-5356-4484-b404-98cf9bac2739', '{"action":"login","actor_id":"f84fc398-bb1a-4c6f-a8ad-ffea689a0a8e","actor_username":"masakinihirota@gmail.com","actor_via_sso":false,"log_type":"account","traits":{"provider":"email"}}', '2023-09-11 18:10:29.049054+00', ''),
	('00000000-0000-0000-0000-000000000000', '00c03ad3-8c0e-41f8-a752-32f88856f0cc', '{"action":"token_refreshed","actor_id":"f84fc398-bb1a-4c6f-a8ad-ffea689a0a8e","actor_username":"masakinihirota@gmail.com","actor_via_sso":false,"log_type":"token"}', '2023-09-11 19:08:35.945115+00', ''),
	('00000000-0000-0000-0000-000000000000', '1ab528ea-e26f-4feb-bd5f-548aec54eeab', '{"action":"token_revoked","actor_id":"f84fc398-bb1a-4c6f-a8ad-ffea689a0a8e","actor_username":"masakinihirota@gmail.com","actor_via_sso":false,"log_type":"token"}', '2023-09-11 19:08:35.945808+00', ''),
	('00000000-0000-0000-0000-000000000000', '1cbf836a-5714-47d9-8ad3-10219637f455', '{"action":"token_refreshed","actor_id":"f84fc398-bb1a-4c6f-a8ad-ffea689a0a8e","actor_username":"masakinihirota@gmail.com","actor_via_sso":false,"log_type":"token"}', '2023-09-11 20:09:58.170631+00', ''),
	('00000000-0000-0000-0000-000000000000', '566abd25-be12-4a3d-aebc-94e9d8112c1b', '{"action":"token_revoked","actor_id":"f84fc398-bb1a-4c6f-a8ad-ffea689a0a8e","actor_username":"masakinihirota@gmail.com","actor_via_sso":false,"log_type":"token"}', '2023-09-11 20:09:58.171235+00', ''),
	('00000000-0000-0000-0000-000000000000', '07bef2f7-061f-4fd5-b6c6-37fc0aeeb618', '{"action":"token_refreshed","actor_id":"f84fc398-bb1a-4c6f-a8ad-ffea689a0a8e","actor_username":"masakinihirota@gmail.com","actor_via_sso":false,"log_type":"token"}', '2023-09-11 21:08:18.132229+00', ''),
	('00000000-0000-0000-0000-000000000000', '5d16b9e3-582e-42a0-bb9e-accbd224f901', '{"action":"token_revoked","actor_id":"f84fc398-bb1a-4c6f-a8ad-ffea689a0a8e","actor_username":"masakinihirota@gmail.com","actor_via_sso":false,"log_type":"token"}', '2023-09-11 21:08:18.132912+00', ''),
	('00000000-0000-0000-0000-000000000000', '96823022-b5fa-4aeb-914d-6f10bd50c6f6', '{"action":"token_refreshed","actor_id":"f84fc398-bb1a-4c6f-a8ad-ffea689a0a8e","actor_username":"masakinihirota@gmail.com","actor_via_sso":false,"log_type":"token"}', '2023-09-11 22:11:44.862876+00', ''),
	('00000000-0000-0000-0000-000000000000', '4c351ce5-1750-432e-93e1-2f6ed576873e', '{"action":"token_revoked","actor_id":"f84fc398-bb1a-4c6f-a8ad-ffea689a0a8e","actor_username":"masakinihirota@gmail.com","actor_via_sso":false,"log_type":"token"}', '2023-09-11 22:11:44.863575+00', ''),
	('00000000-0000-0000-0000-000000000000', '9c2371bb-21c0-45a5-9ff8-62103451206f', '{"action":"login","actor_id":"f84fc398-bb1a-4c6f-a8ad-ffea689a0a8e","actor_username":"masakinihirota@gmail.com","actor_via_sso":false,"log_type":"account","traits":{"provider":"email"}}', '2023-09-11 23:00:16.564576+00', ''),
	('00000000-0000-0000-0000-000000000000', 'a8e20bde-851d-4f07-a1b3-354c05d0f050', '{"action":"login","actor_id":"f84fc398-bb1a-4c6f-a8ad-ffea689a0a8e","actor_username":"masakinihirota@gmail.com","actor_via_sso":false,"log_type":"account","traits":{"provider":"email"}}', '2023-09-11 23:02:44.290873+00', ''),
	('00000000-0000-0000-0000-000000000000', '033c2143-6b22-4d6d-85c8-cc0e0382de38', '{"action":"login","actor_id":"f84fc398-bb1a-4c6f-a8ad-ffea689a0a8e","actor_username":"masakinihirota@gmail.com","actor_via_sso":false,"log_type":"account","traits":{"provider":"email"}}', '2023-09-11 23:24:22.937638+00', ''),
	('00000000-0000-0000-0000-000000000000', '8584b6e3-43c2-4eb4-b04f-57332f01b22f', '{"action":"token_refreshed","actor_id":"f84fc398-bb1a-4c6f-a8ad-ffea689a0a8e","actor_username":"masakinihirota@gmail.com","actor_via_sso":false,"log_type":"token"}', '2023-09-12 01:09:31.237765+00', ''),
	('00000000-0000-0000-0000-000000000000', '7ab83a5b-2eae-4c4c-8bbc-a6487a63bde6', '{"action":"token_revoked","actor_id":"f84fc398-bb1a-4c6f-a8ad-ffea689a0a8e","actor_username":"masakinihirota@gmail.com","actor_via_sso":false,"log_type":"token"}', '2023-09-12 01:09:31.238622+00', ''),
	('00000000-0000-0000-0000-000000000000', '1b5d64b5-7ca9-4e17-9d96-b7177d0e1839', '{"action":"login","actor_id":"f84fc398-bb1a-4c6f-a8ad-ffea689a0a8e","actor_username":"masakinihirota@gmail.com","actor_via_sso":false,"log_type":"account","traits":{"provider":"email"}}', '2023-09-12 01:15:15.614075+00', ''),
	('00000000-0000-0000-0000-000000000000', '3f8e4db2-1ba4-4042-bf6b-7179d2a98e7c', '{"action":"logout","actor_id":"f84fc398-bb1a-4c6f-a8ad-ffea689a0a8e","actor_username":"masakinihirota@gmail.com","actor_via_sso":false,"log_type":"account"}', '2023-09-12 01:15:23.883122+00', ''),
	('00000000-0000-0000-0000-000000000000', 'b486671b-1739-4c6d-961f-9a0ffd164ef2', '{"action":"login","actor_id":"f84fc398-bb1a-4c6f-a8ad-ffea689a0a8e","actor_username":"masakinihirota@gmail.com","actor_via_sso":false,"log_type":"account","traits":{"provider":"email"}}', '2023-09-12 09:35:13.042542+00', ''),
	('00000000-0000-0000-0000-000000000000', '0e745f43-0ca3-4a41-a578-c1efe488fa7a', '{"action":"login","actor_id":"f84fc398-bb1a-4c6f-a8ad-ffea689a0a8e","actor_username":"masakinihirota@gmail.com","actor_via_sso":false,"log_type":"account","traits":{"provider":"email"}}', '2023-09-12 10:27:31.412575+00', ''),
	('00000000-0000-0000-0000-000000000000', '9f926dbc-cf13-4fef-afb5-b3780ca91576', '{"action":"token_refreshed","actor_id":"f84fc398-bb1a-4c6f-a8ad-ffea689a0a8e","actor_username":"masakinihirota@gmail.com","actor_via_sso":false,"log_type":"token"}', '2023-09-12 10:38:13.109846+00', ''),
	('00000000-0000-0000-0000-000000000000', 'c40abc86-27b7-4a50-ac85-0aab859d2dff', '{"action":"token_revoked","actor_id":"f84fc398-bb1a-4c6f-a8ad-ffea689a0a8e","actor_username":"masakinihirota@gmail.com","actor_via_sso":false,"log_type":"token"}', '2023-09-12 10:38:13.110423+00', ''),
	('00000000-0000-0000-0000-000000000000', 'e1808812-377b-42db-ad72-baa5f5757577', '{"action":"token_refreshed","actor_id":"f84fc398-bb1a-4c6f-a8ad-ffea689a0a8e","actor_username":"masakinihirota@gmail.com","actor_via_sso":false,"log_type":"token"}', '2023-09-12 12:06:07.811441+00', ''),
	('00000000-0000-0000-0000-000000000000', '92c7676c-0c69-4524-a62e-00ac9b9f5935', '{"action":"token_revoked","actor_id":"f84fc398-bb1a-4c6f-a8ad-ffea689a0a8e","actor_username":"masakinihirota@gmail.com","actor_via_sso":false,"log_type":"token"}', '2023-09-12 12:06:07.812019+00', ''),
	('00000000-0000-0000-0000-000000000000', '6b188fd9-d689-4455-8848-bf21c61a6483', '{"action":"token_refreshed","actor_id":"f84fc398-bb1a-4c6f-a8ad-ffea689a0a8e","actor_username":"masakinihirota@gmail.com","actor_via_sso":false,"log_type":"token"}', '2023-09-12 12:06:13.098055+00', ''),
	('00000000-0000-0000-0000-000000000000', '238d4e19-77fc-4f27-b2d6-2e251bfcc00e', '{"action":"token_revoked","actor_id":"f84fc398-bb1a-4c6f-a8ad-ffea689a0a8e","actor_username":"masakinihirota@gmail.com","actor_via_sso":false,"log_type":"token"}', '2023-09-12 12:06:13.098674+00', ''),
	('00000000-0000-0000-0000-000000000000', '38e29da3-0cea-4c10-9fbb-8ba5fc82a0c5', '{"action":"login","actor_id":"f84fc398-bb1a-4c6f-a8ad-ffea689a0a8e","actor_username":"masakinihirota@gmail.com","actor_via_sso":false,"log_type":"account","traits":{"provider":"email"}}', '2023-09-12 20:44:29.312678+00', ''),
	('00000000-0000-0000-0000-000000000000', '754dfaed-d8e6-4899-9377-84f6b4c16520', '{"action":"logout","actor_id":"f84fc398-bb1a-4c6f-a8ad-ffea689a0a8e","actor_username":"masakinihirota@gmail.com","actor_via_sso":false,"log_type":"account"}', '2023-09-12 20:44:34.850578+00', ''),
	('00000000-0000-0000-0000-000000000000', 'c87e33b0-ab2d-4692-afcd-04f0a4379ec3', '{"action":"login","actor_id":"f84fc398-bb1a-4c6f-a8ad-ffea689a0a8e","actor_username":"masakinihirota@gmail.com","actor_via_sso":false,"log_type":"account","traits":{"provider":"email"}}', '2023-09-12 20:44:54.472703+00', ''),
	('00000000-0000-0000-0000-000000000000', 'a5659237-910d-4f72-b831-57089d459fa5', '{"action":"logout","actor_id":"f84fc398-bb1a-4c6f-a8ad-ffea689a0a8e","actor_username":"masakinihirota@gmail.com","actor_via_sso":false,"log_type":"account"}', '2023-09-12 20:44:56.325101+00', ''),
	('00000000-0000-0000-0000-000000000000', '10e25238-f6bb-4209-9a98-61db183f616c', '{"action":"login","actor_id":"f84fc398-bb1a-4c6f-a8ad-ffea689a0a8e","actor_username":"masakinihirota@gmail.com","actor_via_sso":false,"log_type":"account","traits":{"provider":"email"}}', '2023-09-13 00:55:27.531201+00', ''),
	('00000000-0000-0000-0000-000000000000', 'ddc33d01-8bf4-4cfd-a5ef-15cb3187c1e5', '{"action":"logout","actor_id":"f84fc398-bb1a-4c6f-a8ad-ffea689a0a8e","actor_username":"masakinihirota@gmail.com","actor_via_sso":false,"log_type":"account"}', '2023-09-13 00:55:30.489037+00', ''),
	('00000000-0000-0000-0000-000000000000', '2a320172-5762-40e3-8f24-6481cf98a2e6', '{"action":"login","actor_id":"f84fc398-bb1a-4c6f-a8ad-ffea689a0a8e","actor_username":"masakinihirota@gmail.com","actor_via_sso":false,"log_type":"account","traits":{"provider":"email"}}', '2023-09-13 01:56:30.128796+00', ''),
	('00000000-0000-0000-0000-000000000000', 'e388c214-81a2-47bb-91f7-2864ea613a28', '{"action":"logout","actor_id":"f84fc398-bb1a-4c6f-a8ad-ffea689a0a8e","actor_username":"masakinihirota@gmail.com","actor_via_sso":false,"log_type":"account"}', '2023-09-13 02:02:15.022124+00', ''),
	('00000000-0000-0000-0000-000000000000', 'fd5de9c3-0c56-4243-b16a-069fae331f4f', '{"action":"login","actor_id":"f84fc398-bb1a-4c6f-a8ad-ffea689a0a8e","actor_username":"masakinihirota@gmail.com","actor_via_sso":false,"log_type":"account","traits":{"provider":"email"}}', '2023-09-13 02:08:34.228726+00', ''),
	('00000000-0000-0000-0000-000000000000', 'f3fb24fb-1fc7-437a-b2f0-6be81eb33452', '{"action":"token_refreshed","actor_id":"f84fc398-bb1a-4c6f-a8ad-ffea689a0a8e","actor_username":"masakinihirota@gmail.com","actor_via_sso":false,"log_type":"token"}', '2023-09-13 11:03:01.73815+00', ''),
	('00000000-0000-0000-0000-000000000000', 'dc1bbff5-5247-4307-ae9f-dcf88e2d6b3c', '{"action":"token_revoked","actor_id":"f84fc398-bb1a-4c6f-a8ad-ffea689a0a8e","actor_username":"masakinihirota@gmail.com","actor_via_sso":false,"log_type":"token"}', '2023-09-13 11:03:01.738812+00', ''),
	('00000000-0000-0000-0000-000000000000', '37ff8802-de68-4c9e-b148-251635b51cc6', '{"action":"token_refreshed","actor_id":"f84fc398-bb1a-4c6f-a8ad-ffea689a0a8e","actor_username":"masakinihirota@gmail.com","actor_via_sso":false,"log_type":"token"}', '2023-09-13 11:03:09.202418+00', ''),
	('00000000-0000-0000-0000-000000000000', '814fbef7-69d5-4612-b475-bfe71841e3c0', '{"action":"token_revoked","actor_id":"f84fc398-bb1a-4c6f-a8ad-ffea689a0a8e","actor_username":"masakinihirota@gmail.com","actor_via_sso":false,"log_type":"token"}', '2023-09-13 11:03:09.203059+00', ''),
	('00000000-0000-0000-0000-000000000000', 'b31a4b9b-63c8-4945-89b0-bc220b075fd3', '{"action":"login","actor_id":"f84fc398-bb1a-4c6f-a8ad-ffea689a0a8e","actor_username":"masakinihirota@gmail.com","actor_via_sso":false,"log_type":"account","traits":{"provider":"email"}}', '2023-09-13 11:42:49.369295+00', ''),
	('00000000-0000-0000-0000-000000000000', '66ff220a-15a5-42ca-be60-5002357252fd', '{"action":"token_refreshed","actor_id":"f84fc398-bb1a-4c6f-a8ad-ffea689a0a8e","actor_username":"masakinihirota@gmail.com","actor_via_sso":false,"log_type":"token"}', '2023-09-13 13:29:01.265722+00', ''),
	('00000000-0000-0000-0000-000000000000', 'a3056bce-442b-4088-bd3c-2088764d7652', '{"action":"token_revoked","actor_id":"f84fc398-bb1a-4c6f-a8ad-ffea689a0a8e","actor_username":"masakinihirota@gmail.com","actor_via_sso":false,"log_type":"token"}', '2023-09-13 13:29:01.266326+00', ''),
	('00000000-0000-0000-0000-000000000000', '2247773c-4032-4f9c-b127-5044092b4e07', '{"action":"token_refreshed","actor_id":"f84fc398-bb1a-4c6f-a8ad-ffea689a0a8e","actor_username":"masakinihirota@gmail.com","actor_via_sso":false,"log_type":"token"}', '2023-09-13 13:29:03.389168+00', ''),
	('00000000-0000-0000-0000-000000000000', 'd7f22fc7-cd30-4592-88cd-540103276672', '{"action":"token_revoked","actor_id":"f84fc398-bb1a-4c6f-a8ad-ffea689a0a8e","actor_username":"masakinihirota@gmail.com","actor_via_sso":false,"log_type":"token"}', '2023-09-13 13:29:03.389871+00', ''),
	('00000000-0000-0000-0000-000000000000', '13fdfddf-6096-475e-b14e-194cdfa20db8', '{"action":"login","actor_id":"f84fc398-bb1a-4c6f-a8ad-ffea689a0a8e","actor_username":"masakinihirota@gmail.com","actor_via_sso":false,"log_type":"account","traits":{"provider":"email"}}', '2023-09-13 13:41:19.507131+00', ''),
	('00000000-0000-0000-0000-000000000000', 'a0569148-ab22-4d1a-b9ed-8efd6ace3ca7', '{"action":"token_refreshed","actor_id":"f84fc398-bb1a-4c6f-a8ad-ffea689a0a8e","actor_username":"masakinihirota@gmail.com","actor_via_sso":false,"log_type":"token"}', '2023-09-13 14:55:41.376868+00', ''),
	('00000000-0000-0000-0000-000000000000', 'fe835fa6-8e8e-4971-b780-88fc818946d3', '{"action":"token_revoked","actor_id":"f84fc398-bb1a-4c6f-a8ad-ffea689a0a8e","actor_username":"masakinihirota@gmail.com","actor_via_sso":false,"log_type":"token"}', '2023-09-13 14:55:41.377595+00', ''),
	('00000000-0000-0000-0000-000000000000', '19c2d589-4d18-4b52-8906-a7ad1a6f7036', '{"action":"login","actor_id":"f84fc398-bb1a-4c6f-a8ad-ffea689a0a8e","actor_username":"masakinihirota@gmail.com","actor_via_sso":false,"log_type":"account","traits":{"provider":"email"}}', '2023-09-29 20:02:54.06573+00', ''),
	('00000000-0000-0000-0000-000000000000', 'a6a1c9e0-417b-47cf-9535-ad488fbf5a0f', '{"action":"logout","actor_id":"f84fc398-bb1a-4c6f-a8ad-ffea689a0a8e","actor_username":"masakinihirota@gmail.com","actor_via_sso":false,"log_type":"account"}', '2023-09-29 20:11:51.875482+00', ''),
	('00000000-0000-0000-0000-000000000000', '1a95a2cd-057a-4a0b-ad38-3323eedff226', '{"action":"login","actor_id":"f84fc398-bb1a-4c6f-a8ad-ffea689a0a8e","actor_username":"masakinihirota@gmail.com","actor_via_sso":false,"log_type":"account","traits":{"provider":"email"}}', '2023-09-30 09:22:36.168869+00', ''),
	('00000000-0000-0000-0000-000000000000', 'd5f82586-1545-441b-9a52-638421af2dcc', '{"action":"logout","actor_id":"f84fc398-bb1a-4c6f-a8ad-ffea689a0a8e","actor_username":"masakinihirota@gmail.com","actor_via_sso":false,"log_type":"account"}', '2023-09-30 09:22:56.803126+00', ''),
	('00000000-0000-0000-0000-000000000000', 'b28aa280-49a1-4268-9e8f-d6d294a066a7', '{"action":"login","actor_id":"f84fc398-bb1a-4c6f-a8ad-ffea689a0a8e","actor_username":"masakinihirota@gmail.com","actor_via_sso":false,"log_type":"account","traits":{"provider":"email"}}', '2023-09-30 09:26:01.995113+00', ''),
	('00000000-0000-0000-0000-000000000000', '5dbf7ef0-da5c-4789-9e23-25c01b6acd79', '{"action":"logout","actor_id":"f84fc398-bb1a-4c6f-a8ad-ffea689a0a8e","actor_username":"masakinihirota@gmail.com","actor_via_sso":false,"log_type":"account"}', '2023-09-30 09:26:05.285552+00', ''),
	('00000000-0000-0000-0000-000000000000', '592ff529-9d26-4fac-9523-ae81247a2ebd', '{"action":"login","actor_id":"f84fc398-bb1a-4c6f-a8ad-ffea689a0a8e","actor_username":"masakinihirota@gmail.com","actor_via_sso":false,"log_type":"account","traits":{"provider":"email"}}', '2023-09-30 09:41:11.970076+00', ''),
	('00000000-0000-0000-0000-000000000000', '4a711b4c-9208-429a-9e90-844ab0081ba1', '{"action":"logout","actor_id":"f84fc398-bb1a-4c6f-a8ad-ffea689a0a8e","actor_username":"masakinihirota@gmail.com","actor_via_sso":false,"log_type":"account"}', '2023-09-30 09:41:43.690623+00', ''),
	('00000000-0000-0000-0000-000000000000', 'cef3ae30-350f-4f42-a3a6-733232eb3367', '{"action":"login","actor_id":"f84fc398-bb1a-4c6f-a8ad-ffea689a0a8e","actor_username":"masakinihirota@gmail.com","actor_via_sso":false,"log_type":"account","traits":{"provider":"email"}}', '2023-09-30 10:06:34.735764+00', ''),
	('00000000-0000-0000-0000-000000000000', 'a7edd193-8df1-46b6-be40-80875561bf34', '{"action":"logout","actor_id":"f84fc398-bb1a-4c6f-a8ad-ffea689a0a8e","actor_username":"masakinihirota@gmail.com","actor_via_sso":false,"log_type":"account"}', '2023-09-30 10:06:41.535307+00', ''),
	('00000000-0000-0000-0000-000000000000', 'a4e64f17-ced4-431d-ac1b-cd155f521edb', '{"action":"login","actor_id":"f84fc398-bb1a-4c6f-a8ad-ffea689a0a8e","actor_username":"masakinihirota@gmail.com","actor_via_sso":false,"log_type":"account","traits":{"provider":"email"}}', '2023-09-30 10:07:04.112066+00', ''),
	('00000000-0000-0000-0000-000000000000', 'c3ac9d6e-dfc8-408d-ba0d-2593bfb4590d', '{"action":"logout","actor_id":"f84fc398-bb1a-4c6f-a8ad-ffea689a0a8e","actor_username":"masakinihirota@gmail.com","actor_via_sso":false,"log_type":"account"}', '2023-09-30 10:07:14.576972+00', ''),
	('00000000-0000-0000-0000-000000000000', '270be92c-8f01-42d6-a1aa-225805b981b3', '{"action":"login","actor_id":"f84fc398-bb1a-4c6f-a8ad-ffea689a0a8e","actor_username":"masakinihirota@gmail.com","actor_via_sso":false,"log_type":"account","traits":{"provider":"github"}}', '2023-09-30 21:10:21.154938+00', ''),
	('00000000-0000-0000-0000-000000000000', 'c027cf69-04f9-4151-929f-fbfe0d671b3d', '{"action":"login","actor_id":"f84fc398-bb1a-4c6f-a8ad-ffea689a0a8e","actor_username":"masakinihirota@gmail.com","actor_via_sso":false,"log_type":"account","traits":{"provider_type":"github"}}', '2023-09-30 21:10:23.449108+00', ''),
	('00000000-0000-0000-0000-000000000000', '5e221d14-09dd-4cbb-a03b-18679a604b68', '{"action":"login","actor_id":"f84fc398-bb1a-4c6f-a8ad-ffea689a0a8e","actor_name":"masakinihirota","actor_username":"masakinihirota@gmail.com","actor_via_sso":false,"log_type":"account","traits":{"provider":"github"}}', '2023-09-30 21:11:03.60263+00', ''),
	('00000000-0000-0000-0000-000000000000', 'a4a94f72-0109-453d-93b3-92973bc5e291', '{"action":"login","actor_id":"f84fc398-bb1a-4c6f-a8ad-ffea689a0a8e","actor_name":"masakinihirota","actor_username":"masakinihirota@gmail.com","actor_via_sso":false,"log_type":"account","traits":{"provider_type":"github"}}', '2023-09-30 21:11:04.982348+00', ''),
	('00000000-0000-0000-0000-000000000000', '4b57f4fe-9edf-47e7-bb16-d5dfba240047', '{"action":"logout","actor_id":"f84fc398-bb1a-4c6f-a8ad-ffea689a0a8e","actor_name":"masakinihirota","actor_username":"masakinihirota@gmail.com","actor_via_sso":false,"log_type":"account"}', '2023-09-30 21:13:46.00795+00', ''),
	('00000000-0000-0000-0000-000000000000', 'a6d9457f-168a-4bc1-aed6-d4711e17436a', '{"action":"user_deleted","actor_id":"00000000-0000-0000-0000-000000000000","actor_username":"service_role","actor_via_sso":false,"log_type":"team","traits":{"user_email":"masakinihirota@gmail.com","user_id":"f84fc398-bb1a-4c6f-a8ad-ffea689a0a8e","user_phone":""}}', '2023-09-30 21:14:43.584675+00', ''),
	('00000000-0000-0000-0000-000000000000', 'ec5e4273-39e8-42ab-b4ef-e845f81482f7', '{"action":"user_deleted","actor_id":"00000000-0000-0000-0000-000000000000","actor_username":"service_role","actor_via_sso":false,"log_type":"team","traits":{"user_email":"kumonopanya@gmail.com","user_id":"696220f1-5707-4f62-adc2-f8b5bfa5ea16","user_phone":""}}', '2023-09-30 21:18:09.86616+00', ''),
	('00000000-0000-0000-0000-000000000000', '6c3ad666-c0fc-4f6a-9f38-19d71e736f58', '{"action":"user_signedup","actor_id":"08d251b5-58c2-4b8e-99d6-a02940d31b55","actor_name":"masakinihirota","actor_username":"masakinihirota@gmail.com","actor_via_sso":false,"log_type":"team","traits":{"provider":"github"}}', '2023-09-30 21:18:20.034306+00', ''),
	('00000000-0000-0000-0000-000000000000', 'c51791fc-8aca-4718-b130-b0827fd52827', '{"action":"login","actor_id":"08d251b5-58c2-4b8e-99d6-a02940d31b55","actor_name":"masakinihirota","actor_username":"masakinihirota@gmail.com","actor_via_sso":false,"log_type":"account","traits":{"provider_type":"github"}}', '2023-09-30 21:18:21.539659+00', ''),
	('00000000-0000-0000-0000-000000000000', '6a6d769a-2ffa-4038-9b08-b8dbe7903c9e', '{"action":"user_repeated_signup","actor_id":"08d251b5-58c2-4b8e-99d6-a02940d31b55","actor_name":"masakinihirota","actor_username":"masakinihirota@gmail.com","actor_via_sso":false,"log_type":"user","traits":{"provider":"email"}}', '2023-09-30 21:19:14.112333+00', ''),
	('00000000-0000-0000-0000-000000000000', '586f4081-212e-4eb1-a2ed-f5dc10a92156', '{"action":"login","actor_id":"08d251b5-58c2-4b8e-99d6-a02940d31b55","actor_name":"masakinihirota","actor_username":"masakinihirota@gmail.com","actor_via_sso":false,"log_type":"account","traits":{"provider":"github"}}', '2023-10-01 05:00:30.796833+00', ''),
	('00000000-0000-0000-0000-000000000000', '1d9bde58-80b8-48ff-ad99-6e7845d6a816', '{"action":"login","actor_id":"08d251b5-58c2-4b8e-99d6-a02940d31b55","actor_name":"masakinihirota","actor_username":"masakinihirota@gmail.com","actor_via_sso":false,"log_type":"account","traits":{"provider_type":"github"}}', '2023-10-01 05:00:32.924055+00', ''),
	('00000000-0000-0000-0000-000000000000', '231fa641-4013-47af-ad56-ea9e608edd67', '{"action":"logout","actor_id":"08d251b5-58c2-4b8e-99d6-a02940d31b55","actor_name":"masakinihirota","actor_username":"masakinihirota@gmail.com","actor_via_sso":false,"log_type":"account"}', '2023-10-01 05:00:43.867263+00', ''),
	('00000000-0000-0000-0000-000000000000', 'b8273cd8-ac10-4189-b85a-d9fb2d2ec7fb', '{"action":"login","actor_id":"08d251b5-58c2-4b8e-99d6-a02940d31b55","actor_name":"masakinihirota","actor_username":"masakinihirota@gmail.com","actor_via_sso":false,"log_type":"account","traits":{"provider":"github"}}', '2023-10-01 05:01:02.485397+00', ''),
	('00000000-0000-0000-0000-000000000000', '25dcf01f-3a16-473d-87f3-1a807310a716', '{"action":"login","actor_id":"08d251b5-58c2-4b8e-99d6-a02940d31b55","actor_name":"masakinihirota","actor_username":"masakinihirota@gmail.com","actor_via_sso":false,"log_type":"account","traits":{"provider_type":"github"}}', '2023-10-01 05:01:03.428263+00', ''),
	('00000000-0000-0000-0000-000000000000', '54860a8b-7ed4-4d61-a95d-c00d12b45cd6', '{"action":"logout","actor_id":"08d251b5-58c2-4b8e-99d6-a02940d31b55","actor_name":"masakinihirota","actor_username":"masakinihirota@gmail.com","actor_via_sso":false,"log_type":"account"}', '2023-10-01 05:01:30.907196+00', ''),
	('00000000-0000-0000-0000-000000000000', '028595c3-7e72-4377-ba10-dfb18048ca5a', '{"action":"login","actor_id":"08d251b5-58c2-4b8e-99d6-a02940d31b55","actor_name":"masakinihirota","actor_username":"masakinihirota@gmail.com","actor_via_sso":false,"log_type":"account","traits":{"provider":"github"}}', '2023-10-01 05:15:25.583534+00', ''),
	('00000000-0000-0000-0000-000000000000', '54f62c63-b992-467a-acdd-ee261a15dd01', '{"action":"login","actor_id":"08d251b5-58c2-4b8e-99d6-a02940d31b55","actor_name":"masakinihirota","actor_username":"masakinihirota@gmail.com","actor_via_sso":false,"log_type":"account","traits":{"provider_type":"github"}}', '2023-10-01 05:15:27.383799+00', ''),
	('00000000-0000-0000-0000-000000000000', '92f0d8f5-fd15-43b3-a58b-968524cbb4d2', '{"action":"logout","actor_id":"08d251b5-58c2-4b8e-99d6-a02940d31b55","actor_name":"masakinihirota","actor_username":"masakinihirota@gmail.com","actor_via_sso":false,"log_type":"account"}', '2023-10-01 05:17:19.188966+00', ''),
	('00000000-0000-0000-0000-000000000000', '44f33e06-1869-4e1a-a7c7-37c927416422', '{"action":"login","actor_id":"08d251b5-58c2-4b8e-99d6-a02940d31b55","actor_name":"masakinihirota","actor_username":"masakinihirota@gmail.com","actor_via_sso":false,"log_type":"account","traits":{"provider":"github"}}', '2023-10-01 05:17:27.494349+00', ''),
	('00000000-0000-0000-0000-000000000000', '7511e046-fe81-4a1a-9b20-f70993e25a8e', '{"action":"login","actor_id":"08d251b5-58c2-4b8e-99d6-a02940d31b55","actor_name":"masakinihirota","actor_username":"masakinihirota@gmail.com","actor_via_sso":false,"log_type":"account","traits":{"provider_type":"github"}}', '2023-10-01 05:17:28.965759+00', ''),
	('00000000-0000-0000-0000-000000000000', '8c379c1a-97d7-4c36-8c62-c225540dc72e', '{"action":"logout","actor_id":"08d251b5-58c2-4b8e-99d6-a02940d31b55","actor_name":"masakinihirota","actor_username":"masakinihirota@gmail.com","actor_via_sso":false,"log_type":"account"}', '2023-10-01 05:18:00.170975+00', ''),
	('00000000-0000-0000-0000-000000000000', '05ea402c-2184-4504-b507-bb234ea4108f', '{"action":"login","actor_id":"08d251b5-58c2-4b8e-99d6-a02940d31b55","actor_name":"masakinihirota","actor_username":"masakinihirota@gmail.com","actor_via_sso":false,"log_type":"account","traits":{"provider":"github"}}', '2023-10-01 05:18:06.988113+00', ''),
	('00000000-0000-0000-0000-000000000000', '0d3a0bc1-7227-4779-bb3d-f6006bbe5cf5', '{"action":"login","actor_id":"08d251b5-58c2-4b8e-99d6-a02940d31b55","actor_name":"masakinihirota","actor_username":"masakinihirota@gmail.com","actor_via_sso":false,"log_type":"account","traits":{"provider_type":"github"}}', '2023-10-01 05:18:07.977548+00', ''),
	('00000000-0000-0000-0000-000000000000', 'b71bf8d6-d3ba-43ac-9ffa-8e0cb64aaa73', '{"action":"logout","actor_id":"08d251b5-58c2-4b8e-99d6-a02940d31b55","actor_name":"masakinihirota","actor_username":"masakinihirota@gmail.com","actor_via_sso":false,"log_type":"account"}', '2023-10-01 05:18:56.952782+00', ''),
	('00000000-0000-0000-0000-000000000000', '1ebcf70c-a63d-42e2-a3af-37175a4fe27c', '{"action":"login","actor_id":"08d251b5-58c2-4b8e-99d6-a02940d31b55","actor_name":"masakinihirota","actor_username":"masakinihirota@gmail.com","actor_via_sso":false,"log_type":"account","traits":{"provider":"github"}}', '2023-10-01 05:19:10.210555+00', ''),
	('00000000-0000-0000-0000-000000000000', 'dd49ae90-9a9a-4267-9592-8e42012d74f6', '{"action":"login","actor_id":"08d251b5-58c2-4b8e-99d6-a02940d31b55","actor_name":"masakinihirota","actor_username":"masakinihirota@gmail.com","actor_via_sso":false,"log_type":"account","traits":{"provider_type":"github"}}', '2023-10-01 05:19:11.198532+00', ''),
	('00000000-0000-0000-0000-000000000000', '6c40308f-6dcf-41e1-a06e-1709af4431d6', '{"action":"login","actor_id":"08d251b5-58c2-4b8e-99d6-a02940d31b55","actor_name":"masakinihirota","actor_username":"masakinihirota@gmail.com","actor_via_sso":false,"log_type":"account","traits":{"provider":"github"}}', '2023-10-01 05:23:43.124765+00', ''),
	('00000000-0000-0000-0000-000000000000', '73f4ead6-6dac-4c9d-aa76-326584b252b4', '{"action":"login","actor_id":"08d251b5-58c2-4b8e-99d6-a02940d31b55","actor_name":"masakinihirota","actor_username":"masakinihirota@gmail.com","actor_via_sso":false,"log_type":"account","traits":{"provider_type":"github"}}', '2023-10-01 05:23:44.028059+00', ''),
	('00000000-0000-0000-0000-000000000000', '65118466-b846-4211-87c7-dec54be733f1', '{"action":"login","actor_id":"08d251b5-58c2-4b8e-99d6-a02940d31b55","actor_name":"masakinihirota","actor_username":"masakinihirota@gmail.com","actor_via_sso":false,"log_type":"account","traits":{"provider":"github"}}', '2023-10-01 05:50:05.124967+00', ''),
	('00000000-0000-0000-0000-000000000000', 'c69c6f29-6719-4608-a81c-ebea9fb08473', '{"action":"login","actor_id":"08d251b5-58c2-4b8e-99d6-a02940d31b55","actor_name":"masakinihirota","actor_username":"masakinihirota@gmail.com","actor_via_sso":false,"log_type":"account","traits":{"provider_type":"github"}}', '2023-10-01 05:50:07.11201+00', ''),
	('00000000-0000-0000-0000-000000000000', '681c0606-81b1-4e85-a2b9-71b8b9602701', '{"action":"login","actor_id":"08d251b5-58c2-4b8e-99d6-a02940d31b55","actor_name":"masakinihirota","actor_username":"masakinihirota@gmail.com","actor_via_sso":false,"log_type":"account","traits":{"provider":"github"}}', '2023-10-01 06:14:59.727686+00', ''),
	('00000000-0000-0000-0000-000000000000', 'dc19ade8-bcf6-44b3-a784-88b0774b961d', '{"action":"login","actor_id":"08d251b5-58c2-4b8e-99d6-a02940d31b55","actor_name":"masakinihirota","actor_username":"masakinihirota@gmail.com","actor_via_sso":false,"log_type":"account","traits":{"provider_type":"github"}}', '2023-10-01 06:15:01.360137+00', ''),
	('00000000-0000-0000-0000-000000000000', '90f2df87-b0bf-49e0-b319-15866248d5c6', '{"action":"login","actor_id":"08d251b5-58c2-4b8e-99d6-a02940d31b55","actor_name":"masakinihirota","actor_username":"masakinihirota@gmail.com","actor_via_sso":false,"log_type":"account","traits":{"provider":"github"}}', '2023-10-01 06:15:09.666413+00', ''),
	('00000000-0000-0000-0000-000000000000', 'd680c47e-9ccc-4dd3-9475-f4ec957a7e38', '{"action":"login","actor_id":"08d251b5-58c2-4b8e-99d6-a02940d31b55","actor_name":"masakinihirota","actor_username":"masakinihirota@gmail.com","actor_via_sso":false,"log_type":"account","traits":{"provider_type":"github"}}', '2023-10-01 06:15:10.677952+00', ''),
	('00000000-0000-0000-0000-000000000000', '795ac79b-9e7f-47a4-a4f6-8a0dc55be189', '{"action":"logout","actor_id":"08d251b5-58c2-4b8e-99d6-a02940d31b55","actor_name":"masakinihirota","actor_username":"masakinihirota@gmail.com","actor_via_sso":false,"log_type":"account"}', '2023-10-01 06:15:19.307469+00', ''),
	('00000000-0000-0000-0000-000000000000', '58260798-3af1-42d4-93b8-3f729b2c9d43', '{"action":"login","actor_id":"08d251b5-58c2-4b8e-99d6-a02940d31b55","actor_name":"masakinihirota","actor_username":"masakinihirota@gmail.com","actor_via_sso":false,"log_type":"account","traits":{"provider":"github"}}', '2023-10-01 06:15:34.619066+00', ''),
	('00000000-0000-0000-0000-000000000000', '1a1a3576-ea33-410e-940a-14af867a8115', '{"action":"login","actor_id":"08d251b5-58c2-4b8e-99d6-a02940d31b55","actor_name":"masakinihirota","actor_username":"masakinihirota@gmail.com","actor_via_sso":false,"log_type":"account","traits":{"provider_type":"github"}}', '2023-10-01 06:15:35.651406+00', ''),
	('00000000-0000-0000-0000-000000000000', '69adc8c0-d7d2-441f-92d3-fb8808fe2019', '{"action":"token_refreshed","actor_id":"08d251b5-58c2-4b8e-99d6-a02940d31b55","actor_name":"masakinihirota","actor_username":"masakinihirota@gmail.com","actor_via_sso":false,"log_type":"token"}', '2023-10-01 07:13:51.405317+00', ''),
	('00000000-0000-0000-0000-000000000000', 'd4942561-c241-4979-b663-46dce1fdd48b', '{"action":"token_revoked","actor_id":"08d251b5-58c2-4b8e-99d6-a02940d31b55","actor_name":"masakinihirota","actor_username":"masakinihirota@gmail.com","actor_via_sso":false,"log_type":"token"}', '2023-10-01 07:13:51.407885+00', ''),
	('00000000-0000-0000-0000-000000000000', '16248ae1-9c02-4c61-bc0d-00cc85f2f3f3', '{"action":"token_refreshed","actor_id":"08d251b5-58c2-4b8e-99d6-a02940d31b55","actor_name":"masakinihirota","actor_username":"masakinihirota@gmail.com","actor_via_sso":false,"log_type":"token"}', '2023-10-01 08:47:57.285365+00', ''),
	('00000000-0000-0000-0000-000000000000', '24beb1db-52e9-4ba0-b2b6-76267fa2ba7a', '{"action":"token_revoked","actor_id":"08d251b5-58c2-4b8e-99d6-a02940d31b55","actor_name":"masakinihirota","actor_username":"masakinihirota@gmail.com","actor_via_sso":false,"log_type":"token"}', '2023-10-01 08:47:57.287184+00', ''),
	('00000000-0000-0000-0000-000000000000', '2a52f91a-22a0-485b-864d-a7ba20f00761', '{"action":"token_refreshed","actor_id":"08d251b5-58c2-4b8e-99d6-a02940d31b55","actor_name":"masakinihirota","actor_username":"masakinihirota@gmail.com","actor_via_sso":false,"log_type":"token"}', '2023-10-01 08:47:57.483159+00', ''),
	('00000000-0000-0000-0000-000000000000', '4a432fe6-43f4-4cd1-bf61-3f76e20bc6a8', '{"action":"token_revoked","actor_id":"08d251b5-58c2-4b8e-99d6-a02940d31b55","actor_name":"masakinihirota","actor_username":"masakinihirota@gmail.com","actor_via_sso":false,"log_type":"token"}', '2023-10-01 08:47:57.483863+00', ''),
	('00000000-0000-0000-0000-000000000000', '6c418d33-38b9-4956-a3e1-8f863a96b185', '{"action":"token_refreshed","actor_id":"08d251b5-58c2-4b8e-99d6-a02940d31b55","actor_name":"masakinihirota","actor_username":"masakinihirota@gmail.com","actor_via_sso":false,"log_type":"token"}', '2023-10-01 08:47:59.867831+00', ''),
	('00000000-0000-0000-0000-000000000000', '1a6228f6-0f3e-41f8-9d0a-3c3c8aae3686', '{"action":"token_revoked","actor_id":"08d251b5-58c2-4b8e-99d6-a02940d31b55","actor_name":"masakinihirota","actor_username":"masakinihirota@gmail.com","actor_via_sso":false,"log_type":"token"}', '2023-10-01 08:47:59.868453+00', ''),
	('00000000-0000-0000-0000-000000000000', '570a95a5-3f16-488e-8542-167ade38a2d0', '{"action":"token_refreshed","actor_id":"08d251b5-58c2-4b8e-99d6-a02940d31b55","actor_name":"masakinihirota","actor_username":"masakinihirota@gmail.com","actor_via_sso":false,"log_type":"token"}', '2023-10-01 10:41:14.918427+00', ''),
	('00000000-0000-0000-0000-000000000000', '49423874-7d6b-4ec6-801f-d365704bcdae', '{"action":"token_revoked","actor_id":"08d251b5-58c2-4b8e-99d6-a02940d31b55","actor_name":"masakinihirota","actor_username":"masakinihirota@gmail.com","actor_via_sso":false,"log_type":"token"}', '2023-10-01 10:41:14.920405+00', ''),
	('00000000-0000-0000-0000-000000000000', 'e96b84ee-ec7b-4436-aa3d-904803b10ea0', '{"action":"token_refreshed","actor_id":"08d251b5-58c2-4b8e-99d6-a02940d31b55","actor_name":"masakinihirota","actor_username":"masakinihirota@gmail.com","actor_via_sso":false,"log_type":"token"}', '2023-10-01 11:44:15.567473+00', ''),
	('00000000-0000-0000-0000-000000000000', 'fef1e137-b3e3-4ec4-a3f8-9ad4c8d66746', '{"action":"token_revoked","actor_id":"08d251b5-58c2-4b8e-99d6-a02940d31b55","actor_name":"masakinihirota","actor_username":"masakinihirota@gmail.com","actor_via_sso":false,"log_type":"token"}', '2023-10-01 11:44:15.569232+00', ''),
	('00000000-0000-0000-0000-000000000000', '9852bad4-c5c4-49d9-a02f-bbcd12160cbf', '{"action":"logout","actor_id":"08d251b5-58c2-4b8e-99d6-a02940d31b55","actor_name":"masakinihirota","actor_username":"masakinihirota@gmail.com","actor_via_sso":false,"log_type":"account"}', '2023-10-01 11:50:37.631613+00', ''),
	('00000000-0000-0000-0000-000000000000', 'cd70e849-77df-467d-a7d1-b80b1010b7bb', '{"action":"user_repeated_signup","actor_id":"08d251b5-58c2-4b8e-99d6-a02940d31b55","actor_name":"masakinihirota","actor_username":"masakinihirota@gmail.com","actor_via_sso":false,"log_type":"user","traits":{"provider":"email"}}', '2023-10-02 01:01:12.949366+00', ''),
	('00000000-0000-0000-0000-000000000000', 'ba327129-8446-4c70-aa1f-5f280053016a', '{"action":"user_confirmation_requested","actor_id":"2e8e4429-e91c-4121-b753-a22ef49cbb81","actor_username":"kumonopanya@gmail.com","actor_via_sso":false,"log_type":"user","traits":{"provider":"email"}}', '2023-10-02 01:02:35.52885+00', ''),
	('00000000-0000-0000-0000-000000000000', 'eb0bc218-6f53-4794-8775-12b6b504ac01', '{"action":"user_signedup","actor_id":"2e8e4429-e91c-4121-b753-a22ef49cbb81","actor_username":"kumonopanya@gmail.com","actor_via_sso":false,"log_type":"team"}', '2023-10-02 01:02:50.720411+00', ''),
	('00000000-0000-0000-0000-000000000000', '30efc39b-6fa6-43d0-8770-76d594601200', '{"action":"login","actor_id":"2e8e4429-e91c-4121-b753-a22ef49cbb81","actor_username":"kumonopanya@gmail.com","actor_via_sso":false,"log_type":"account","traits":{"provider":"email"}}', '2023-10-02 01:12:51.826877+00', ''),
	('00000000-0000-0000-0000-000000000000', '6e12dce1-ecbc-44ab-9316-1895453ac6e2', '{"action":"logout","actor_id":"2e8e4429-e91c-4121-b753-a22ef49cbb81","actor_username":"kumonopanya@gmail.com","actor_via_sso":false,"log_type":"account"}', '2023-10-02 01:41:26.003123+00', ''),
	('00000000-0000-0000-0000-000000000000', 'cb6e9847-bb62-4bd7-a855-4dbcda24c144', '{"action":"login","actor_id":"08d251b5-58c2-4b8e-99d6-a02940d31b55","actor_name":"masakinihirota","actor_username":"masakinihirota@gmail.com","actor_via_sso":false,"log_type":"account","traits":{"provider":"github"}}', '2023-10-02 01:41:30.155254+00', ''),
	('00000000-0000-0000-0000-000000000000', 'cafb972d-90cd-4c7a-af88-136bd7e1c61b', '{"action":"login","actor_id":"08d251b5-58c2-4b8e-99d6-a02940d31b55","actor_name":"masakinihirota","actor_username":"masakinihirota@gmail.com","actor_via_sso":false,"log_type":"account","traits":{"provider_type":"github"}}', '2023-10-02 01:41:32.50397+00', ''),
	('00000000-0000-0000-0000-000000000000', '5296d4bc-91e9-435e-b8b5-69969ac3100b', '{"action":"logout","actor_id":"08d251b5-58c2-4b8e-99d6-a02940d31b55","actor_name":"masakinihirota","actor_username":"masakinihirota@gmail.com","actor_via_sso":false,"log_type":"account"}', '2023-10-02 01:43:55.790223+00', ''),
	('00000000-0000-0000-0000-000000000000', '3508231d-1e99-4613-be19-b5579907d34a', '{"action":"login","actor_id":"08d251b5-58c2-4b8e-99d6-a02940d31b55","actor_name":"masakinihirota","actor_username":"masakinihirota@gmail.com","actor_via_sso":false,"log_type":"account","traits":{"provider":"github"}}', '2023-10-02 02:54:17.837666+00', ''),
	('00000000-0000-0000-0000-000000000000', '0a12a649-4387-4519-869b-9932ad5affe0', '{"action":"user_recovery_requested","actor_id":"2e8e4429-e91c-4121-b753-a22ef49cbb81","actor_username":"kumonopanya@gmail.com","actor_via_sso":false,"log_type":"user"}', '2023-10-02 02:56:35.975467+00', ''),
	('00000000-0000-0000-0000-000000000000', 'e34ede1f-0da1-4b61-a8a0-9b0d0caabbc8', '{"action":"login","actor_id":"2e8e4429-e91c-4121-b753-a22ef49cbb81","actor_username":"kumonopanya@gmail.com","actor_via_sso":false,"log_type":"account"}', '2023-10-02 02:56:59.203587+00', ''),
	('00000000-0000-0000-0000-000000000000', 'f3a3eef6-b8c1-4b48-b603-2ab2b2aabd0e', '{"action":"user_recovery_requested","actor_id":"08d251b5-58c2-4b8e-99d6-a02940d31b55","actor_name":"masakinihirota","actor_username":"masakinihirota@gmail.com","actor_via_sso":false,"log_type":"user"}', '2023-10-02 03:05:40.085885+00', ''),
	('00000000-0000-0000-0000-000000000000', '6ff5da72-f153-43d7-9b16-84e058d49886', '{"action":"login","actor_id":"08d251b5-58c2-4b8e-99d6-a02940d31b55","actor_name":"masakinihirota","actor_username":"masakinihirota@gmail.com","actor_via_sso":false,"log_type":"account"}', '2023-10-02 03:06:50.021986+00', ''),
	('00000000-0000-0000-0000-000000000000', 'f99d00b5-4f24-4b2c-adc5-afafc9dea399', '{"action":"login","actor_id":"08d251b5-58c2-4b8e-99d6-a02940d31b55","actor_name":"masakinihirota","actor_username":"masakinihirota@gmail.com","actor_via_sso":false,"log_type":"account","traits":{"provider":"github"}}', '2023-10-02 03:22:54.127339+00', ''),
	('00000000-0000-0000-0000-000000000000', 'cc48935b-c70d-4bcb-8b39-b409dcc8e3a6', '{"action":"user_recovery_requested","actor_id":"2e8e4429-e91c-4121-b753-a22ef49cbb81","actor_username":"kumonopanya@gmail.com","actor_via_sso":false,"log_type":"user"}', '2023-10-02 03:45:03.645413+00', ''),
	('00000000-0000-0000-0000-000000000000', 'd31b0f5d-2ed1-4b8f-872b-58b8aa813e7d', '{"action":"login","actor_id":"08d251b5-58c2-4b8e-99d6-a02940d31b55","actor_name":"masakinihirota","actor_username":"masakinihirota@gmail.com","actor_via_sso":false,"log_type":"account","traits":{"provider":"github"}}', '2023-10-02 03:45:58.480986+00', ''),
	('00000000-0000-0000-0000-000000000000', '4efb3191-1d71-4d7e-89c3-2c66389d94f5', '{"action":"login","actor_id":"08d251b5-58c2-4b8e-99d6-a02940d31b55","actor_name":"masakinihirota","actor_username":"masakinihirota@gmail.com","actor_via_sso":false,"log_type":"account","traits":{"provider":"github"}}', '2023-10-02 12:50:11.183363+00', ''),
	('00000000-0000-0000-0000-000000000000', '80c582d4-a7db-4c3e-8e95-49f3c1ea0f04', '{"action":"login","actor_id":"08d251b5-58c2-4b8e-99d6-a02940d31b55","actor_name":"masakinihirota","actor_username":"masakinihirota@gmail.com","actor_via_sso":false,"log_type":"account","traits":{"provider_type":"github"}}', '2023-10-02 12:50:12.09428+00', ''),
	('00000000-0000-0000-0000-000000000000', '1b419714-c91f-4630-a91c-2a39d63f32d6', '{"action":"logout","actor_id":"08d251b5-58c2-4b8e-99d6-a02940d31b55","actor_name":"masakinihirota","actor_username":"masakinihirota@gmail.com","actor_via_sso":false,"log_type":"account"}', '2023-10-02 12:50:37.979371+00', ''),
	('00000000-0000-0000-0000-000000000000', '232e0e75-66a5-4623-9fbc-15f004808082', '{"action":"login","actor_id":"08d251b5-58c2-4b8e-99d6-a02940d31b55","actor_name":"masakinihirota","actor_username":"masakinihirota@gmail.com","actor_via_sso":false,"log_type":"account","traits":{"provider":"github"}}', '2023-10-02 12:50:42.358555+00', ''),
	('00000000-0000-0000-0000-000000000000', '7d55333d-e180-4ed9-b102-5af06e8a551b', '{"action":"login","actor_id":"08d251b5-58c2-4b8e-99d6-a02940d31b55","actor_name":"masakinihirota","actor_username":"masakinihirota@gmail.com","actor_via_sso":false,"log_type":"account","traits":{"provider_type":"github"}}', '2023-10-02 12:50:42.775315+00', ''),
	('00000000-0000-0000-0000-000000000000', 'df6047ed-9347-4d5e-b4d0-29b6d3b32ef9', '{"action":"logout","actor_id":"08d251b5-58c2-4b8e-99d6-a02940d31b55","actor_name":"masakinihirota","actor_username":"masakinihirota@gmail.com","actor_via_sso":false,"log_type":"account"}', '2023-10-02 12:50:56.925575+00', ''),
	('00000000-0000-0000-0000-000000000000', 'f3d08c1e-b979-402a-9a59-4a570fd34e03', '{"action":"login","actor_id":"2e8e4429-e91c-4121-b753-a22ef49cbb81","actor_username":"kumonopanya@gmail.com","actor_via_sso":false,"log_type":"account","traits":{"provider":"email"}}', '2023-10-02 13:27:04.157437+00', ''),
	('00000000-0000-0000-0000-000000000000', 'b175c92f-5d96-4cc0-81ef-9faef4359c10', '{"action":"logout","actor_id":"2e8e4429-e91c-4121-b753-a22ef49cbb81","actor_username":"kumonopanya@gmail.com","actor_via_sso":false,"log_type":"account"}', '2023-10-02 13:30:29.707511+00', ''),
	('00000000-0000-0000-0000-000000000000', '1dc009af-ae22-4618-bfbf-4562a5d2020e', '{"action":"login","actor_id":"2e8e4429-e91c-4121-b753-a22ef49cbb81","actor_username":"kumonopanya@gmail.com","actor_via_sso":false,"log_type":"account","traits":{"provider":"email"}}', '2023-10-02 13:32:30.032911+00', ''),
	('00000000-0000-0000-0000-000000000000', '039ce004-c50b-4e5a-978b-201f768ae9b5', '{"action":"logout","actor_id":"2e8e4429-e91c-4121-b753-a22ef49cbb81","actor_username":"kumonopanya@gmail.com","actor_via_sso":false,"log_type":"account"}', '2023-10-02 13:34:15.711139+00', ''),
	('00000000-0000-0000-0000-000000000000', '66e47210-6f19-444d-b07f-8d7b76439e5d', '{"action":"login","actor_id":"2e8e4429-e91c-4121-b753-a22ef49cbb81","actor_username":"kumonopanya@gmail.com","actor_via_sso":false,"log_type":"account","traits":{"provider":"email"}}', '2023-10-02 13:37:08.034017+00', ''),
	('00000000-0000-0000-0000-000000000000', 'a2aa0807-c2f6-4c38-b977-9978c89fc420', '{"action":"login","actor_id":"2e8e4429-e91c-4121-b753-a22ef49cbb81","actor_username":"kumonopanya@gmail.com","actor_via_sso":false,"log_type":"account","traits":{"provider":"email"}}', '2023-10-02 13:37:08.698575+00', ''),
	('00000000-0000-0000-0000-000000000000', '8b17785e-e860-41f5-9b1f-3a26765aca5f', '{"action":"logout","actor_id":"2e8e4429-e91c-4121-b753-a22ef49cbb81","actor_username":"kumonopanya@gmail.com","actor_via_sso":false,"log_type":"account"}', '2023-10-02 13:54:54.814699+00', ''),
	('00000000-0000-0000-0000-000000000000', '701d170e-2490-4ca7-b24b-a73fd8c28855', '{"action":"login","actor_id":"08d251b5-58c2-4b8e-99d6-a02940d31b55","actor_name":"masakinihirota","actor_username":"masakinihirota@gmail.com","actor_via_sso":false,"log_type":"account","traits":{"provider":"github"}}', '2023-10-02 14:41:46.833249+00', ''),
	('00000000-0000-0000-0000-000000000000', '27dd93c2-f3bd-4271-aba2-64aa2238f06b', '{"action":"login","actor_id":"08d251b5-58c2-4b8e-99d6-a02940d31b55","actor_name":"masakinihirota","actor_username":"masakinihirota@gmail.com","actor_via_sso":false,"log_type":"account","traits":{"provider_type":"github"}}', '2023-10-02 14:41:48.166143+00', ''),
	('00000000-0000-0000-0000-000000000000', '29c0e8a7-6c11-4658-933c-53e2a5e63dce', '{"action":"logout","actor_id":"08d251b5-58c2-4b8e-99d6-a02940d31b55","actor_name":"masakinihirota","actor_username":"masakinihirota@gmail.com","actor_via_sso":false,"log_type":"account"}', '2023-10-02 14:43:43.984008+00', ''),
	('00000000-0000-0000-0000-000000000000', '152501a8-5a59-400c-bcb2-d9f70be597fe', '{"action":"login","actor_id":"08d251b5-58c2-4b8e-99d6-a02940d31b55","actor_name":"masakinihirota","actor_username":"masakinihirota@gmail.com","actor_via_sso":false,"log_type":"account","traits":{"provider":"github"}}', '2023-10-02 15:09:40.535161+00', ''),
	('00000000-0000-0000-0000-000000000000', 'ad15e0d4-6c3a-43cc-a861-151b3206da8c', '{"action":"login","actor_id":"08d251b5-58c2-4b8e-99d6-a02940d31b55","actor_name":"masakinihirota","actor_username":"masakinihirota@gmail.com","actor_via_sso":false,"log_type":"account","traits":{"provider_type":"github"}}', '2023-10-02 15:09:41.088167+00', ''),
	('00000000-0000-0000-0000-000000000000', '626903cd-fc53-457c-a75d-c69492c9a1fe', '{"action":"logout","actor_id":"08d251b5-58c2-4b8e-99d6-a02940d31b55","actor_name":"masakinihirota","actor_username":"masakinihirota@gmail.com","actor_via_sso":false,"log_type":"account"}', '2023-10-02 15:09:46.594779+00', ''),
	('00000000-0000-0000-0000-000000000000', '88e17651-bf1d-4bed-96ce-a24aec493602', '{"action":"login","actor_id":"08d251b5-58c2-4b8e-99d6-a02940d31b55","actor_name":"masakinihirota","actor_username":"masakinihirota@gmail.com","actor_via_sso":false,"log_type":"account","traits":{"provider":"github"}}', '2023-10-02 15:22:38.133606+00', ''),
	('00000000-0000-0000-0000-000000000000', '860801f4-5671-4b05-b384-f0e2fd8a5ec0', '{"action":"login","actor_id":"08d251b5-58c2-4b8e-99d6-a02940d31b55","actor_name":"masakinihirota","actor_username":"masakinihirota@gmail.com","actor_via_sso":false,"log_type":"account","traits":{"provider_type":"github"}}', '2023-10-02 15:22:38.470723+00', ''),
	('00000000-0000-0000-0000-000000000000', '4cd6fbf8-4ced-48ac-a1f6-7efd99115e8f', '{"action":"logout","actor_id":"08d251b5-58c2-4b8e-99d6-a02940d31b55","actor_name":"masakinihirota","actor_username":"masakinihirota@gmail.com","actor_via_sso":false,"log_type":"account"}', '2023-10-02 15:23:44.649477+00', ''),
	('00000000-0000-0000-0000-000000000000', '450ab3e9-d7c1-4df0-ac02-28711877b66d', '{"action":"user_recovery_requested","actor_id":"2e8e4429-e91c-4121-b753-a22ef49cbb81","actor_username":"kumonopanya@gmail.com","actor_via_sso":false,"log_type":"user"}', '2023-10-02 15:52:19.100339+00', ''),
	('00000000-0000-0000-0000-000000000000', 'fbd2e0ba-cc45-40d6-b850-cc5e8e753abb', '{"action":"login","actor_id":"2e8e4429-e91c-4121-b753-a22ef49cbb81","actor_username":"kumonopanya@gmail.com","actor_via_sso":false,"log_type":"account"}', '2023-10-02 15:52:42.424833+00', ''),
	('00000000-0000-0000-0000-000000000000', '3d86b83f-78f0-42c7-99b8-11df686183c6', '{"action":"login","actor_id":"08d251b5-58c2-4b8e-99d6-a02940d31b55","actor_name":"masakinihirota","actor_username":"masakinihirota@gmail.com","actor_via_sso":false,"log_type":"account","traits":{"provider":"github"}}', '2023-10-02 17:31:44.404529+00', ''),
	('00000000-0000-0000-0000-000000000000', '3d19d489-5c44-4609-b059-81ee6348fe4b', '{"action":"login","actor_id":"08d251b5-58c2-4b8e-99d6-a02940d31b55","actor_name":"masakinihirota","actor_username":"masakinihirota@gmail.com","actor_via_sso":false,"log_type":"account","traits":{"provider":"github"}}', '2023-10-02 17:32:48.603802+00', ''),
	('00000000-0000-0000-0000-000000000000', 'cdeabf91-8b30-42d7-bb3d-16e5ecaafb00', '{"action":"login","actor_id":"08d251b5-58c2-4b8e-99d6-a02940d31b55","actor_name":"masakinihirota","actor_username":"masakinihirota@gmail.com","actor_via_sso":false,"log_type":"account","traits":{"provider_type":"github"}}', '2023-10-02 17:32:48.921426+00', ''),
	('00000000-0000-0000-0000-000000000000', '27d798d9-647a-441a-aac1-7349714b55d1', '{"action":"logout","actor_id":"08d251b5-58c2-4b8e-99d6-a02940d31b55","actor_name":"masakinihirota","actor_username":"masakinihirota@gmail.com","actor_via_sso":false,"log_type":"account"}', '2023-10-02 17:33:50.617485+00', ''),
	('00000000-0000-0000-0000-000000000000', 'cc83c6d9-a257-4b20-a76c-10d9ee2277da', '{"action":"login","actor_id":"08d251b5-58c2-4b8e-99d6-a02940d31b55","actor_name":"masakinihirota","actor_username":"masakinihirota@gmail.com","actor_via_sso":false,"log_type":"account","traits":{"provider":"github"}}', '2023-10-02 17:33:57.331476+00', ''),
	('00000000-0000-0000-0000-000000000000', '8444eb1a-e2aa-468d-9b44-3fdda045a624', '{"action":"login","actor_id":"08d251b5-58c2-4b8e-99d6-a02940d31b55","actor_name":"masakinihirota","actor_username":"masakinihirota@gmail.com","actor_via_sso":false,"log_type":"account","traits":{"provider_type":"github"}}', '2023-10-02 17:33:57.42823+00', ''),
	('00000000-0000-0000-0000-000000000000', '19e74f6a-443b-41aa-9c53-e69531e573ad', '{"action":"token_refreshed","actor_id":"08d251b5-58c2-4b8e-99d6-a02940d31b55","actor_name":"masakinihirota","actor_username":"masakinihirota@gmail.com","actor_via_sso":false,"log_type":"token"}', '2023-10-02 18:35:39.016509+00', ''),
	('00000000-0000-0000-0000-000000000000', '937432cc-ccf8-4788-b1cf-2e520623ad6e', '{"action":"token_revoked","actor_id":"08d251b5-58c2-4b8e-99d6-a02940d31b55","actor_name":"masakinihirota","actor_username":"masakinihirota@gmail.com","actor_via_sso":false,"log_type":"token"}', '2023-10-02 18:35:39.01857+00', ''),
	('00000000-0000-0000-0000-000000000000', '22a94211-610b-4aa9-b087-dc9a324b4714', '{"action":"token_refreshed","actor_id":"08d251b5-58c2-4b8e-99d6-a02940d31b55","actor_name":"masakinihirota","actor_username":"masakinihirota@gmail.com","actor_via_sso":false,"log_type":"token"}', '2023-10-02 18:35:43.09819+00', ''),
	('00000000-0000-0000-0000-000000000000', 'e787db27-7519-4bcc-83cd-a67de5b5e010', '{"action":"token_revoked","actor_id":"08d251b5-58c2-4b8e-99d6-a02940d31b55","actor_name":"masakinihirota","actor_username":"masakinihirota@gmail.com","actor_via_sso":false,"log_type":"token"}', '2023-10-02 18:35:43.098754+00', ''),
	('00000000-0000-0000-0000-000000000000', '86ecd8c4-215b-476f-87ec-17c022b55f19', '{"action":"logout","actor_id":"08d251b5-58c2-4b8e-99d6-a02940d31b55","actor_name":"masakinihirota","actor_username":"masakinihirota@gmail.com","actor_via_sso":false,"log_type":"account"}', '2023-10-02 18:35:43.166244+00', ''),
	('00000000-0000-0000-0000-000000000000', 'dd395203-bb1a-481e-996d-1c901b68a81d', '{"action":"login","actor_id":"08d251b5-58c2-4b8e-99d6-a02940d31b55","actor_name":"masakinihirota","actor_username":"masakinihirota@gmail.com","actor_via_sso":false,"log_type":"account","traits":{"provider":"slack"}}', '2023-10-02 18:37:11.733711+00', ''),
	('00000000-0000-0000-0000-000000000000', '9752d3ef-7ac2-4570-b5b4-37064c6f1b2a', '{"action":"login","actor_id":"08d251b5-58c2-4b8e-99d6-a02940d31b55","actor_name":"masakinihirota","actor_username":"masakinihirota@gmail.com","actor_via_sso":false,"log_type":"account","traits":{"provider_type":"slack"}}', '2023-10-02 18:37:12.511427+00', ''),
	('00000000-0000-0000-0000-000000000000', '0c78ee21-4ffa-41ba-b808-8f0f14fe6ce9', '{"action":"logout","actor_id":"08d251b5-58c2-4b8e-99d6-a02940d31b55","actor_name":"masakinihirota","actor_username":"masakinihirota@gmail.com","actor_via_sso":false,"log_type":"account"}', '2023-10-02 18:37:28.884885+00', ''),
	('00000000-0000-0000-0000-000000000000', '17c56838-9a4d-485c-a3f3-f1280a5838cd', '{"action":"login","actor_id":"08d251b5-58c2-4b8e-99d6-a02940d31b55","actor_name":"masakinihirota","actor_username":"masakinihirota@gmail.com","actor_via_sso":false,"log_type":"account","traits":{"provider":"google"}}', '2023-10-02 21:31:11.230316+00', ''),
	('00000000-0000-0000-0000-000000000000', '032c0103-8d99-4077-8777-cea6c85244bf', '{"action":"login","actor_id":"08d251b5-58c2-4b8e-99d6-a02940d31b55","actor_name":"masakinihirota","actor_username":"masakinihirota@gmail.com","actor_via_sso":false,"log_type":"account","traits":{"provider_type":"google"}}', '2023-10-02 21:31:11.810591+00', ''),
	('00000000-0000-0000-0000-000000000000', 'f9181cae-8ce3-4dfd-a164-bb1e39d0c52f', '{"action":"logout","actor_id":"08d251b5-58c2-4b8e-99d6-a02940d31b55","actor_name":"masakinihirota","actor_username":"masakinihirota@gmail.com","actor_via_sso":false,"log_type":"account"}', '2023-10-02 21:31:17.592868+00', ''),
	('00000000-0000-0000-0000-000000000000', '0a98cdf5-8f42-4b19-a43c-1dd1f50ae9e1', '{"action":"login","actor_id":"2e8e4429-e91c-4121-b753-a22ef49cbb81","actor_username":"kumonopanya@gmail.com","actor_via_sso":false,"log_type":"account","traits":{"provider":"google"}}', '2023-10-02 21:31:26.639805+00', ''),
	('00000000-0000-0000-0000-000000000000', 'eb43d845-b7c6-49fb-8fa3-0ff57f47618f', '{"action":"login","actor_id":"2e8e4429-e91c-4121-b753-a22ef49cbb81","actor_username":"kumonopanya@gmail.com","actor_via_sso":false,"log_type":"account","traits":{"provider_type":"google"}}', '2023-10-02 21:31:26.947336+00', ''),
	('00000000-0000-0000-0000-000000000000', '7e12c490-8088-4cf5-bd4a-85c3285ec4ea', '{"action":"logout","actor_id":"2e8e4429-e91c-4121-b753-a22ef49cbb81","actor_username":"kumonopanya@gmail.com","actor_via_sso":false,"log_type":"account"}', '2023-10-02 21:31:36.945864+00', ''),
	('00000000-0000-0000-0000-000000000000', 'e68cb451-0cd9-4956-a7ee-256d6405e1dc', '{"action":"user_recovery_requested","actor_id":"08d251b5-58c2-4b8e-99d6-a02940d31b55","actor_name":"masakinihirota","actor_username":"masakinihirota@gmail.com","actor_via_sso":false,"log_type":"user"}', '2023-10-02 21:32:31.931818+00', ''),
	('00000000-0000-0000-0000-000000000000', '40ff5bb2-0599-4c4b-a1c1-7b5792834407', '{"action":"login","actor_id":"08d251b5-58c2-4b8e-99d6-a02940d31b55","actor_name":"masakinihirota","actor_username":"masakinihirota@gmail.com","actor_via_sso":false,"log_type":"account"}', '2023-10-02 21:33:25.647112+00', ''),
	('00000000-0000-0000-0000-000000000000', '152b6421-fe42-4b9d-b04f-46f031c72f45', '{"action":"user_recovery_requested","actor_id":"2e8e4429-e91c-4121-b753-a22ef49cbb81","actor_username":"kumonopanya@gmail.com","actor_via_sso":false,"log_type":"user"}', '2023-10-02 21:34:44.013257+00', ''),
	('00000000-0000-0000-0000-000000000000', 'b365d90d-e570-46f6-8a75-adf1249e4aa3', '{"action":"login","actor_id":"2e8e4429-e91c-4121-b753-a22ef49cbb81","actor_username":"kumonopanya@gmail.com","actor_via_sso":false,"log_type":"account"}', '2023-10-02 21:35:25.932669+00', ''),
	('00000000-0000-0000-0000-000000000000', '476d4cf7-be72-4465-b718-95d63cb8ec3d', '{"action":"login","actor_id":"2e8e4429-e91c-4121-b753-a22ef49cbb81","actor_username":"kumonopanya@gmail.com","actor_via_sso":false,"log_type":"account","traits":{"provider":"email"}}', '2023-10-02 21:43:19.442235+00', ''),
	('00000000-0000-0000-0000-000000000000', '3ac171e7-5dad-47bc-9598-029891d83a2e', '{"action":"login","actor_id":"08d251b5-58c2-4b8e-99d6-a02940d31b55","actor_name":"masakinihirota","actor_username":"masakinihirota@gmail.com","actor_via_sso":false,"log_type":"account","traits":{"provider":"github"}}', '2023-10-02 21:43:38.150438+00', ''),
	('00000000-0000-0000-0000-000000000000', '525dbc99-e044-42e6-b0db-031ebb74e62f', '{"action":"login","actor_id":"08d251b5-58c2-4b8e-99d6-a02940d31b55","actor_name":"masakinihirota","actor_username":"masakinihirota@gmail.com","actor_via_sso":false,"log_type":"account","traits":{"provider_type":"github"}}', '2023-10-02 21:43:38.373361+00', ''),
	('00000000-0000-0000-0000-000000000000', '43690394-14d4-4615-bdc8-42b48a39c70d', '{"action":"logout","actor_id":"08d251b5-58c2-4b8e-99d6-a02940d31b55","actor_name":"masakinihirota","actor_username":"masakinihirota@gmail.com","actor_via_sso":false,"log_type":"account"}', '2023-10-02 21:43:42.14354+00', ''),
	('00000000-0000-0000-0000-000000000000', '8192b7f3-a9b8-44e2-923f-16b4521efd98', '{"action":"login","actor_id":"08d251b5-58c2-4b8e-99d6-a02940d31b55","actor_name":"masakinihirota","actor_username":"masakinihirota@gmail.com","actor_via_sso":false,"log_type":"account","traits":{"provider":"slack"}}', '2023-10-02 21:43:59.55508+00', ''),
	('00000000-0000-0000-0000-000000000000', 'e7e9de58-95dd-49dd-bf1e-9845b28aa1ae', '{"action":"login","actor_id":"08d251b5-58c2-4b8e-99d6-a02940d31b55","actor_name":"masakinihirota","actor_username":"masakinihirota@gmail.com","actor_via_sso":false,"log_type":"account","traits":{"provider_type":"slack"}}', '2023-10-02 21:43:59.652685+00', ''),
	('00000000-0000-0000-0000-000000000000', '101f76cc-5000-4629-bd52-5dc32aca8f73', '{"action":"logout","actor_id":"08d251b5-58c2-4b8e-99d6-a02940d31b55","actor_name":"masakinihirota","actor_username":"masakinihirota@gmail.com","actor_via_sso":false,"log_type":"account"}', '2023-10-02 21:47:17.514812+00', ''),
	('00000000-0000-0000-0000-000000000000', '0dcb20f6-a327-4ced-94b0-8ce1bc7abc24', '{"action":"login","actor_id":"2e8e4429-e91c-4121-b753-a22ef49cbb81","actor_name":"Kumono Panya","actor_username":"kumonopanya@gmail.com","actor_via_sso":false,"log_type":"account","traits":{"provider":"google"}}', '2023-10-02 22:15:21.883627+00', ''),
	('00000000-0000-0000-0000-000000000000', 'a52e6450-970d-4f72-bf5e-f70022a2d906', '{"action":"login","actor_id":"2e8e4429-e91c-4121-b753-a22ef49cbb81","actor_name":"Kumono Panya","actor_username":"kumonopanya@gmail.com","actor_via_sso":false,"log_type":"account","traits":{"provider_type":"google"}}', '2023-10-02 22:15:21.974979+00', ''),
	('00000000-0000-0000-0000-000000000000', '2ad727e0-58d2-4db4-a576-2063dea71fb0', '{"action":"logout","actor_id":"2e8e4429-e91c-4121-b753-a22ef49cbb81","actor_name":"Kumono Panya","actor_username":"kumonopanya@gmail.com","actor_via_sso":false,"log_type":"account"}', '2023-10-02 22:15:26.652164+00', ''),
	('00000000-0000-0000-0000-000000000000', '58a6470c-46fa-40b3-b7af-e945857c4702', '{"action":"login","actor_id":"2e8e4429-e91c-4121-b753-a22ef49cbb81","actor_name":"Kumono Panya","actor_username":"kumonopanya@gmail.com","actor_via_sso":false,"log_type":"account","traits":{"provider":"email"}}', '2023-10-02 22:16:02.999279+00', ''),
	('00000000-0000-0000-0000-000000000000', '7edd50d8-81b7-42e3-a291-74f0cb13c6e6', '{"action":"token_refreshed","actor_id":"2e8e4429-e91c-4121-b753-a22ef49cbb81","actor_name":"Kumono Panya","actor_username":"kumonopanya@gmail.com","actor_via_sso":false,"log_type":"token"}', '2023-10-03 02:46:33.055472+00', ''),
	('00000000-0000-0000-0000-000000000000', 'cd6d2ec2-5534-4799-84b8-b79603ec766f', '{"action":"token_revoked","actor_id":"2e8e4429-e91c-4121-b753-a22ef49cbb81","actor_name":"Kumono Panya","actor_username":"kumonopanya@gmail.com","actor_via_sso":false,"log_type":"token"}', '2023-10-03 02:46:33.057246+00', ''),
	('00000000-0000-0000-0000-000000000000', '7a0adb92-26ea-4c6d-999c-342927b4a46b', '{"action":"token_refreshed","actor_id":"2e8e4429-e91c-4121-b753-a22ef49cbb81","actor_name":"Kumono Panya","actor_username":"kumonopanya@gmail.com","actor_via_sso":false,"log_type":"token"}', '2023-10-03 02:46:36.541784+00', ''),
	('00000000-0000-0000-0000-000000000000', 'a959de58-955e-4511-afe1-19b5c5b3b991', '{"action":"token_revoked","actor_id":"2e8e4429-e91c-4121-b753-a22ef49cbb81","actor_name":"Kumono Panya","actor_username":"kumonopanya@gmail.com","actor_via_sso":false,"log_type":"token"}', '2023-10-03 02:46:36.542357+00', ''),
	('00000000-0000-0000-0000-000000000000', '01a5bb10-3cde-47e5-95a2-832311fdd315', '{"action":"logout","actor_id":"2e8e4429-e91c-4121-b753-a22ef49cbb81","actor_name":"Kumono Panya","actor_username":"kumonopanya@gmail.com","actor_via_sso":false,"log_type":"account"}', '2023-10-03 02:46:36.614482+00', ''),
	('00000000-0000-0000-0000-000000000000', 'e982379d-acf5-4180-baa1-32eb246ecc45', '{"action":"login","actor_id":"08d251b5-58c2-4b8e-99d6-a02940d31b55","actor_name":"masakinihirota","actor_username":"masakinihirota@gmail.com","actor_via_sso":false,"log_type":"account","traits":{"provider":"github"}}', '2023-10-03 02:46:44.696916+00', ''),
	('00000000-0000-0000-0000-000000000000', '421a1a34-7e32-49cc-be8b-8eb8aefeaf4d', '{"action":"login","actor_id":"08d251b5-58c2-4b8e-99d6-a02940d31b55","actor_name":"masakinihirota","actor_username":"masakinihirota@gmail.com","actor_via_sso":false,"log_type":"account","traits":{"provider_type":"github"}}', '2023-10-03 02:46:44.988332+00', ''),
	('00000000-0000-0000-0000-000000000000', 'a54fd1bf-f3f4-4544-b929-b32db6453987', '{"action":"logout","actor_id":"08d251b5-58c2-4b8e-99d6-a02940d31b55","actor_name":"masakinihirota","actor_username":"masakinihirota@gmail.com","actor_via_sso":false,"log_type":"account"}', '2023-10-03 02:46:48.822562+00', ''),
	('00000000-0000-0000-0000-000000000000', '838f9aa7-eec8-4451-8335-200cc2b77a62', '{"action":"login","actor_id":"08d251b5-58c2-4b8e-99d6-a02940d31b55","actor_name":"wiki masakinihirota","actor_username":"masakinihirota@gmail.com","actor_via_sso":false,"log_type":"account","traits":{"provider":"google"}}', '2023-10-03 02:47:00.400164+00', ''),
	('00000000-0000-0000-0000-000000000000', '6c85f26d-ce86-4e26-b694-62dc1bd66d3e', '{"action":"login","actor_id":"08d251b5-58c2-4b8e-99d6-a02940d31b55","actor_name":"wiki masakinihirota","actor_username":"masakinihirota@gmail.com","actor_via_sso":false,"log_type":"account","traits":{"provider_type":"google"}}', '2023-10-03 02:47:00.5114+00', ''),
	('00000000-0000-0000-0000-000000000000', 'f39dda45-1e3f-4fba-b73c-04f86b3893e6', '{"action":"logout","actor_id":"08d251b5-58c2-4b8e-99d6-a02940d31b55","actor_name":"wiki masakinihirota","actor_username":"masakinihirota@gmail.com","actor_via_sso":false,"log_type":"account"}', '2023-10-03 02:47:05.313994+00', ''),
	('00000000-0000-0000-0000-000000000000', '96e2d338-d38b-4444-9044-ae29dc8ba828', '{"action":"login","actor_id":"08d251b5-58c2-4b8e-99d6-a02940d31b55","actor_name":"masakinihirota","actor_username":"masakinihirota@gmail.com","actor_via_sso":false,"log_type":"account","traits":{"provider":"slack"}}', '2023-10-03 02:47:15.837298+00', ''),
	('00000000-0000-0000-0000-000000000000', '560f8177-345b-46e6-afe4-161e618989e4', '{"action":"login","actor_id":"08d251b5-58c2-4b8e-99d6-a02940d31b55","actor_name":"masakinihirota","actor_username":"masakinihirota@gmail.com","actor_via_sso":false,"log_type":"account","traits":{"provider_type":"slack"}}', '2023-10-03 02:47:15.990368+00', ''),
	('00000000-0000-0000-0000-000000000000', '69807f43-8d88-44ba-925a-c43ff454920b', '{"action":"logout","actor_id":"08d251b5-58c2-4b8e-99d6-a02940d31b55","actor_name":"masakinihirota","actor_username":"masakinihirota@gmail.com","actor_via_sso":false,"log_type":"account"}', '2023-10-03 02:47:19.793934+00', ''),
	('00000000-0000-0000-0000-000000000000', '16f26c91-604a-4c61-8e05-bdeb0b99ac6b', '{"action":"login","actor_id":"08d251b5-58c2-4b8e-99d6-a02940d31b55","actor_name":"masakinihirota","actor_username":"masakinihirota@gmail.com","actor_via_sso":false,"log_type":"account","traits":{"provider":"github"}}', '2023-10-03 02:58:42.296587+00', ''),
	('00000000-0000-0000-0000-000000000000', '49c1d419-01cf-4b1f-b202-2d63b8722740', '{"action":"login","actor_id":"08d251b5-58c2-4b8e-99d6-a02940d31b55","actor_name":"masakinihirota","actor_username":"masakinihirota@gmail.com","actor_via_sso":false,"log_type":"account","traits":{"provider":"github"}}', '2023-10-03 02:59:50.442231+00', ''),
	('00000000-0000-0000-0000-000000000000', '61bbb539-c6a1-401c-991c-1f4cc7a3d0fb', '{"action":"login","actor_id":"08d251b5-58c2-4b8e-99d6-a02940d31b55","actor_name":"masakinihirota","actor_username":"masakinihirota@gmail.com","actor_via_sso":false,"log_type":"account","traits":{"provider_type":"github"}}', '2023-10-03 02:59:51.009931+00', ''),
	('00000000-0000-0000-0000-000000000000', '9d3dbe2d-bc35-492a-afac-26fb4ccbd582', '{"action":"logout","actor_id":"08d251b5-58c2-4b8e-99d6-a02940d31b55","actor_name":"masakinihirota","actor_username":"masakinihirota@gmail.com","actor_via_sso":false,"log_type":"account"}', '2023-10-03 02:59:54.176932+00', ''),
	('00000000-0000-0000-0000-000000000000', '8f19cd21-2437-4297-bc86-a3931ebcc593', '{"action":"login","actor_id":"08d251b5-58c2-4b8e-99d6-a02940d31b55","actor_name":"wiki masakinihirota","actor_username":"masakinihirota@gmail.com","actor_via_sso":false,"log_type":"account","traits":{"provider":"google"}}', '2023-10-03 03:00:54.386158+00', ''),
	('00000000-0000-0000-0000-000000000000', '20e14ff3-0b2a-4975-95cc-4f7b58d973a8', '{"action":"login","actor_id":"08d251b5-58c2-4b8e-99d6-a02940d31b55","actor_name":"wiki masakinihirota","actor_username":"masakinihirota@gmail.com","actor_via_sso":false,"log_type":"account","traits":{"provider_type":"google"}}', '2023-10-03 03:00:54.644583+00', ''),
	('00000000-0000-0000-0000-000000000000', '0a6cb9e6-116f-42c5-bf11-d8ed28c14d8c', '{"action":"logout","actor_id":"08d251b5-58c2-4b8e-99d6-a02940d31b55","actor_name":"wiki masakinihirota","actor_username":"masakinihirota@gmail.com","actor_via_sso":false,"log_type":"account"}', '2023-10-03 03:00:56.76797+00', ''),
	('00000000-0000-0000-0000-000000000000', '89a052ea-de36-49c8-89e4-57a828da931c', '{"action":"login","actor_id":"08d251b5-58c2-4b8e-99d6-a02940d31b55","actor_name":"masakinihirota","actor_username":"masakinihirota@gmail.com","actor_via_sso":false,"log_type":"account","traits":{"provider":"slack"}}', '2023-10-03 03:01:05.062031+00', ''),
	('00000000-0000-0000-0000-000000000000', '16e7d7b2-c226-4433-a0e8-aa795b54ed36', '{"action":"login","actor_id":"08d251b5-58c2-4b8e-99d6-a02940d31b55","actor_name":"masakinihirota","actor_username":"masakinihirota@gmail.com","actor_via_sso":false,"log_type":"account","traits":{"provider_type":"slack"}}', '2023-10-03 03:01:05.758731+00', ''),
	('00000000-0000-0000-0000-000000000000', '5250e020-536f-4903-b996-e104fce075eb', '{"action":"logout","actor_id":"08d251b5-58c2-4b8e-99d6-a02940d31b55","actor_name":"masakinihirota","actor_username":"masakinihirota@gmail.com","actor_via_sso":false,"log_type":"account"}', '2023-10-03 03:01:12.307364+00', ''),
	('00000000-0000-0000-0000-000000000000', '3f49f87e-64eb-4174-a6fa-83bdc796902a', '{"action":"login","actor_id":"2e8e4429-e91c-4121-b753-a22ef49cbb81","actor_name":"Kumono Panya","actor_username":"kumonopanya@gmail.com","actor_via_sso":false,"log_type":"account","traits":{"provider":"email"}}', '2023-10-03 17:43:33.27854+00', ''),
	('00000000-0000-0000-0000-000000000000', 'd457a67e-a3f8-41fa-a5e9-cbfc56f54249', '{"action":"logout","actor_id":"2e8e4429-e91c-4121-b753-a22ef49cbb81","actor_name":"Kumono Panya","actor_username":"kumonopanya@gmail.com","actor_via_sso":false,"log_type":"account"}', '2023-10-03 17:45:32.382035+00', ''),
	('00000000-0000-0000-0000-000000000000', '781bbb41-09dd-468c-a020-6e46fd89cdd4', '{"action":"login","actor_id":"2e8e4429-e91c-4121-b753-a22ef49cbb81","actor_name":"Kumono Panya","actor_username":"kumonopanya@gmail.com","actor_via_sso":false,"log_type":"account","traits":{"provider":"email"}}', '2023-10-03 17:46:03.253169+00', ''),
	('00000000-0000-0000-0000-000000000000', '4a6076ea-b1b0-4eaa-9abc-6ac254023328', '{"action":"logout","actor_id":"2e8e4429-e91c-4121-b753-a22ef49cbb81","actor_name":"Kumono Panya","actor_username":"kumonopanya@gmail.com","actor_via_sso":false,"log_type":"account"}', '2023-10-03 17:59:41.72451+00', ''),
	('00000000-0000-0000-0000-000000000000', 'd3668d34-6957-49b2-a537-87e817a89d9c', '{"action":"login","actor_id":"2e8e4429-e91c-4121-b753-a22ef49cbb81","actor_name":"Kumono Panya","actor_username":"kumonopanya@gmail.com","actor_via_sso":false,"log_type":"account","traits":{"provider":"email"}}', '2023-10-03 18:10:21.785061+00', ''),
	('00000000-0000-0000-0000-000000000000', 'f6d3d16a-88cb-452e-b3e1-256d51c8922a', '{"action":"logout","actor_id":"2e8e4429-e91c-4121-b753-a22ef49cbb81","actor_name":"Kumono Panya","actor_username":"kumonopanya@gmail.com","actor_via_sso":false,"log_type":"account"}', '2023-10-03 18:17:06.428424+00', ''),
	('00000000-0000-0000-0000-000000000000', '214e7950-2682-4942-b0a6-b1f72ce133d9', '{"action":"login","actor_id":"2e8e4429-e91c-4121-b753-a22ef49cbb81","actor_name":"Kumono Panya","actor_username":"kumonopanya@gmail.com","actor_via_sso":false,"log_type":"account","traits":{"provider":"email"}}', '2023-10-03 18:17:56.218584+00', ''),
	('00000000-0000-0000-0000-000000000000', 'e118a218-136e-4022-8d42-233f4f81611b', '{"action":"logout","actor_id":"2e8e4429-e91c-4121-b753-a22ef49cbb81","actor_name":"Kumono Panya","actor_username":"kumonopanya@gmail.com","actor_via_sso":false,"log_type":"account"}', '2023-10-03 18:18:16.010251+00', ''),
	('00000000-0000-0000-0000-000000000000', '13510b33-5a0c-4d80-9a78-07014c3bb2d4', '{"action":"login","actor_id":"2e8e4429-e91c-4121-b753-a22ef49cbb81","actor_name":"Kumono Panya","actor_username":"kumonopanya@gmail.com","actor_via_sso":false,"log_type":"account","traits":{"provider":"email"}}', '2023-10-03 18:18:24.827676+00', ''),
	('00000000-0000-0000-0000-000000000000', '05375fe6-e9e8-4f32-a958-2d88e0ba0823', '{"action":"logout","actor_id":"2e8e4429-e91c-4121-b753-a22ef49cbb81","actor_name":"Kumono Panya","actor_username":"kumonopanya@gmail.com","actor_via_sso":false,"log_type":"account"}', '2023-10-03 18:18:26.125098+00', ''),
	('00000000-0000-0000-0000-000000000000', 'a3a7cb18-9bf0-487e-a4ea-4c49af955f81', '{"action":"login","actor_id":"2e8e4429-e91c-4121-b753-a22ef49cbb81","actor_name":"Kumono Panya","actor_username":"kumonopanya@gmail.com","actor_via_sso":false,"log_type":"account","traits":{"provider":"google"}}', '2023-10-03 18:19:16.202685+00', ''),
	('00000000-0000-0000-0000-000000000000', '1f838f52-7c63-43e0-9a3b-6353a02e17d8', '{"action":"login","actor_id":"2e8e4429-e91c-4121-b753-a22ef49cbb81","actor_name":"Kumono Panya","actor_username":"kumonopanya@gmail.com","actor_via_sso":false,"log_type":"account","traits":{"provider_type":"google"}}', '2023-10-03 18:19:16.482907+00', ''),
	('00000000-0000-0000-0000-000000000000', '415f9e9b-f332-4c4b-84c8-1f850d858f1b', '{"action":"logout","actor_id":"2e8e4429-e91c-4121-b753-a22ef49cbb81","actor_name":"Kumono Panya","actor_username":"kumonopanya@gmail.com","actor_via_sso":false,"log_type":"account"}', '2023-10-03 18:19:18.901839+00', ''),
	('00000000-0000-0000-0000-000000000000', '00792e9b-1b57-4379-9fda-d9a8928c67e1', '{"action":"login","actor_id":"2e8e4429-e91c-4121-b753-a22ef49cbb81","actor_name":"Kumono Panya","actor_username":"kumonopanya@gmail.com","actor_via_sso":false,"log_type":"account","traits":{"provider":"email"}}', '2023-10-03 18:29:11.146862+00', ''),
	('00000000-0000-0000-0000-000000000000', '4cdcd75e-c30a-4cfa-b7b1-0b862bb1bc46', '{"action":"logout","actor_id":"2e8e4429-e91c-4121-b753-a22ef49cbb81","actor_name":"Kumono Panya","actor_username":"kumonopanya@gmail.com","actor_via_sso":false,"log_type":"account"}', '2023-10-03 18:29:14.029903+00', ''),
	('00000000-0000-0000-0000-000000000000', '3b86a05d-4de8-49ed-b787-f256ff952250', '{"action":"login","actor_id":"08d251b5-58c2-4b8e-99d6-a02940d31b55","actor_name":"masakinihirota","actor_username":"masakinihirota@gmail.com","actor_via_sso":false,"log_type":"account","traits":{"provider":"github"}}', '2023-10-03 18:29:18.993495+00', ''),
	('00000000-0000-0000-0000-000000000000', 'ffa5072e-3911-4ecc-b28f-c947da8068d9', '{"action":"login","actor_id":"08d251b5-58c2-4b8e-99d6-a02940d31b55","actor_name":"masakinihirota","actor_username":"masakinihirota@gmail.com","actor_via_sso":false,"log_type":"account","traits":{"provider_type":"github"}}', '2023-10-03 18:29:19.221635+00', ''),
	('00000000-0000-0000-0000-000000000000', '8d232b37-5128-46b7-9789-89c2631989c6', '{"action":"logout","actor_id":"08d251b5-58c2-4b8e-99d6-a02940d31b55","actor_name":"masakinihirota","actor_username":"masakinihirota@gmail.com","actor_via_sso":false,"log_type":"account"}', '2023-10-03 18:29:22.05776+00', ''),
	('00000000-0000-0000-0000-000000000000', 'ba17bddc-5f30-4e65-8a4d-74a9067e64bf', '{"action":"login","actor_id":"08d251b5-58c2-4b8e-99d6-a02940d31b55","actor_name":"masakinihirota","actor_username":"masakinihirota@gmail.com","actor_via_sso":false,"log_type":"account","traits":{"provider":"slack"}}', '2023-10-03 18:29:32.750809+00', ''),
	('00000000-0000-0000-0000-000000000000', '2e0d5613-16bb-4753-a722-eb2218c2a674', '{"action":"login","actor_id":"08d251b5-58c2-4b8e-99d6-a02940d31b55","actor_name":"masakinihirota","actor_username":"masakinihirota@gmail.com","actor_via_sso":false,"log_type":"account","traits":{"provider_type":"slack"}}', '2023-10-03 18:29:32.840292+00', ''),
	('00000000-0000-0000-0000-000000000000', '4e339ed7-cc68-4507-af3f-0c0beeb99255', '{"action":"logout","actor_id":"08d251b5-58c2-4b8e-99d6-a02940d31b55","actor_name":"masakinihirota","actor_username":"masakinihirota@gmail.com","actor_via_sso":false,"log_type":"account"}', '2023-10-03 18:29:35.643685+00', ''),
	('00000000-0000-0000-0000-000000000000', '503e7117-2df9-4ff7-b65b-bcc4050e6b18', '{"action":"login","actor_id":"2e8e4429-e91c-4121-b753-a22ef49cbb81","actor_name":"Kumono Panya","actor_username":"kumonopanya@gmail.com","actor_via_sso":false,"log_type":"account","traits":{"provider":"google"}}', '2023-10-03 18:29:43.91582+00', ''),
	('00000000-0000-0000-0000-000000000000', 'd4d0bce8-6732-4227-b1d6-2b338f10b41f', '{"action":"login","actor_id":"2e8e4429-e91c-4121-b753-a22ef49cbb81","actor_name":"Kumono Panya","actor_username":"kumonopanya@gmail.com","actor_via_sso":false,"log_type":"account","traits":{"provider_type":"google"}}', '2023-10-03 18:29:44.011385+00', ''),
	('00000000-0000-0000-0000-000000000000', '186f9c5f-d7d2-428c-929e-15cd9cade34d', '{"action":"logout","actor_id":"2e8e4429-e91c-4121-b753-a22ef49cbb81","actor_name":"Kumono Panya","actor_username":"kumonopanya@gmail.com","actor_via_sso":false,"log_type":"account"}', '2023-10-03 18:29:46.569587+00', ''),
	('00000000-0000-0000-0000-000000000000', 'f7ffc521-a0c6-4a53-8470-cb86ac7ce8f0', '{"action":"login","actor_id":"2e8e4429-e91c-4121-b753-a22ef49cbb81","actor_name":"Kumono Panya","actor_username":"kumonopanya@gmail.com","actor_via_sso":false,"log_type":"account","traits":{"provider":"email"}}', '2023-10-03 18:38:06.690138+00', ''),
	('00000000-0000-0000-0000-000000000000', 'ee939fec-a007-4aa0-ab83-6d102f810655', '{"action":"logout","actor_id":"2e8e4429-e91c-4121-b753-a22ef49cbb81","actor_name":"Kumono Panya","actor_username":"kumonopanya@gmail.com","actor_via_sso":false,"log_type":"account"}', '2023-10-03 18:39:09.47086+00', ''),
	('00000000-0000-0000-0000-000000000000', 'e4653f3c-85ff-4877-840d-4b437a7da260', '{"action":"login","actor_id":"08d251b5-58c2-4b8e-99d6-a02940d31b55","actor_name":"masakinihirota","actor_username":"masakinihirota@gmail.com","actor_via_sso":false,"log_type":"account","traits":{"provider":"github"}}', '2023-10-04 07:22:59.734029+00', ''),
	('00000000-0000-0000-0000-000000000000', '6c980796-a7f7-4a5b-b371-557b7d026557', '{"action":"login","actor_id":"08d251b5-58c2-4b8e-99d6-a02940d31b55","actor_name":"masakinihirota","actor_username":"masakinihirota@gmail.com","actor_via_sso":false,"log_type":"account","traits":{"provider_type":"github"}}', '2023-10-04 07:23:00.087851+00', ''),
	('00000000-0000-0000-0000-000000000000', 'c02a9ad6-59bf-468b-8198-67aa672f3b0a', '{"action":"logout","actor_id":"08d251b5-58c2-4b8e-99d6-a02940d31b55","actor_name":"masakinihirota","actor_username":"masakinihirota@gmail.com","actor_via_sso":false,"log_type":"account"}', '2023-10-04 07:23:03.179259+00', ''),
	('00000000-0000-0000-0000-000000000000', '1d9a4ac5-13c9-4b15-aabd-738e1cf9532b', '{"action":"login","actor_id":"08d251b5-58c2-4b8e-99d6-a02940d31b55","actor_name":"masakinihirota","actor_username":"masakinihirota@gmail.com","actor_via_sso":false,"log_type":"account","traits":{"provider":"github"}}', '2023-10-07 06:46:58.438328+00', ''),
	('00000000-0000-0000-0000-000000000000', '08735879-6866-469c-8f42-fb3aaebe6b04', '{"action":"login","actor_id":"08d251b5-58c2-4b8e-99d6-a02940d31b55","actor_name":"masakinihirota","actor_username":"masakinihirota@gmail.com","actor_via_sso":false,"log_type":"account","traits":{"provider_type":"github"}}', '2023-10-07 06:46:58.92314+00', ''),
	('00000000-0000-0000-0000-000000000000', 'd4362e81-5c0d-485b-a785-604a59e48d54', '{"action":"logout","actor_id":"08d251b5-58c2-4b8e-99d6-a02940d31b55","actor_name":"masakinihirota","actor_username":"masakinihirota@gmail.com","actor_via_sso":false,"log_type":"account"}', '2023-10-07 06:47:06.506157+00', ''),
	('00000000-0000-0000-0000-000000000000', '996b790b-e383-4008-b36b-dd8b0b6e59fd', '{"action":"login","actor_id":"08d251b5-58c2-4b8e-99d6-a02940d31b55","actor_name":"masakinihirota","actor_username":"masakinihirota@gmail.com","actor_via_sso":false,"log_type":"account","traits":{"provider":"slack"}}', '2023-10-07 06:47:16.600494+00', ''),
	('00000000-0000-0000-0000-000000000000', '0067ece6-f66e-4010-95cf-fa9453a62a4a', '{"action":"login","actor_id":"08d251b5-58c2-4b8e-99d6-a02940d31b55","actor_name":"masakinihirota","actor_username":"masakinihirota@gmail.com","actor_via_sso":false,"log_type":"account","traits":{"provider_type":"slack"}}', '2023-10-07 06:47:16.781065+00', ''),
	('00000000-0000-0000-0000-000000000000', 'b6b97489-7480-4342-aa4f-803acbe72a31', '{"action":"logout","actor_id":"08d251b5-58c2-4b8e-99d6-a02940d31b55","actor_name":"masakinihirota","actor_username":"masakinihirota@gmail.com","actor_via_sso":false,"log_type":"account"}', '2023-10-07 06:47:20.667868+00', ''),
	('00000000-0000-0000-0000-000000000000', '43e24144-d7c0-48d2-a536-2e43ffa80486', '{"action":"login","actor_id":"08d251b5-58c2-4b8e-99d6-a02940d31b55","actor_name":"wiki masakinihirota","actor_username":"masakinihirota@gmail.com","actor_via_sso":false,"log_type":"account","traits":{"provider":"google"}}', '2023-10-07 06:47:34.040432+00', ''),
	('00000000-0000-0000-0000-000000000000', 'a7722526-30c0-4a46-ba5e-ca222b59af4c', '{"action":"login","actor_id":"08d251b5-58c2-4b8e-99d6-a02940d31b55","actor_name":"wiki masakinihirota","actor_username":"masakinihirota@gmail.com","actor_via_sso":false,"log_type":"account","traits":{"provider_type":"google"}}', '2023-10-07 06:47:34.192174+00', ''),
	('00000000-0000-0000-0000-000000000000', 'd094b7e4-be1d-4648-8388-7d87896058ec', '{"action":"logout","actor_id":"08d251b5-58c2-4b8e-99d6-a02940d31b55","actor_name":"wiki masakinihirota","actor_username":"masakinihirota@gmail.com","actor_via_sso":false,"log_type":"account"}', '2023-10-07 06:47:38.350018+00', ''),
	('00000000-0000-0000-0000-000000000000', '64fcc105-eb64-4957-8d29-80e7e0536d1b', '{"action":"login","actor_id":"2e8e4429-e91c-4121-b753-a22ef49cbb81","actor_name":"Kumono Panya","actor_username":"kumonopanya@gmail.com","actor_via_sso":false,"log_type":"account","traits":{"provider":"email"}}', '2023-10-07 06:47:48.424967+00', ''),
	('00000000-0000-0000-0000-000000000000', 'c3f26094-f14e-4255-b91c-ae3517ef5688', '{"action":"logout","actor_id":"2e8e4429-e91c-4121-b753-a22ef49cbb81","actor_name":"Kumono Panya","actor_username":"kumonopanya@gmail.com","actor_via_sso":false,"log_type":"account"}', '2023-10-07 06:47:57.080669+00', ''),
	('00000000-0000-0000-0000-000000000000', '85e30fd3-4dfa-4127-9abb-509a019fe987', '{"action":"login","actor_id":"08d251b5-58c2-4b8e-99d6-a02940d31b55","actor_name":"masakinihirota","actor_username":"masakinihirota@gmail.com","actor_via_sso":false,"log_type":"account","traits":{"provider":"github"}}', '2023-10-07 15:54:35.541685+00', ''),
	('00000000-0000-0000-0000-000000000000', 'a587c7b5-a049-44d2-beaa-a1161244f3dc', '{"action":"login","actor_id":"08d251b5-58c2-4b8e-99d6-a02940d31b55","actor_name":"masakinihirota","actor_username":"masakinihirota@gmail.com","actor_via_sso":false,"log_type":"account","traits":{"provider_type":"github"}}', '2023-10-07 15:54:35.984712+00', ''),
	('00000000-0000-0000-0000-000000000000', 'e157b9f4-ecc6-4d09-bd8f-7865a046fb39', '{"action":"logout","actor_id":"08d251b5-58c2-4b8e-99d6-a02940d31b55","actor_name":"masakinihirota","actor_username":"masakinihirota@gmail.com","actor_via_sso":false,"log_type":"account"}', '2023-10-07 15:54:39.947466+00', ''),
	('00000000-0000-0000-0000-000000000000', '9ad5c3ce-fc1a-4660-9b95-1e80569a8995', '{"action":"login","actor_id":"08d251b5-58c2-4b8e-99d6-a02940d31b55","actor_name":"wiki masakinihirota","actor_username":"masakinihirota@gmail.com","actor_via_sso":false,"log_type":"account","traits":{"provider":"google"}}', '2023-10-07 15:54:49.0751+00', ''),
	('00000000-0000-0000-0000-000000000000', 'd645250b-8b54-4843-b988-00becbfb2c09', '{"action":"login","actor_id":"08d251b5-58c2-4b8e-99d6-a02940d31b55","actor_name":"wiki masakinihirota","actor_username":"masakinihirota@gmail.com","actor_via_sso":false,"log_type":"account","traits":{"provider_type":"google"}}', '2023-10-07 15:54:49.192841+00', ''),
	('00000000-0000-0000-0000-000000000000', 'b329f18a-1b72-4942-b340-338916c2eed2', '{"action":"logout","actor_id":"08d251b5-58c2-4b8e-99d6-a02940d31b55","actor_name":"wiki masakinihirota","actor_username":"masakinihirota@gmail.com","actor_via_sso":false,"log_type":"account"}', '2023-10-07 15:54:52.790223+00', ''),
	('00000000-0000-0000-0000-000000000000', '6196378d-f810-4a29-8f87-cbc4876a01c7', '{"action":"login","actor_id":"08d251b5-58c2-4b8e-99d6-a02940d31b55","actor_name":"masakinihirota","actor_username":"masakinihirota@gmail.com","actor_via_sso":false,"log_type":"account","traits":{"provider":"slack"}}', '2023-10-07 15:55:02.604443+00', ''),
	('00000000-0000-0000-0000-000000000000', '542cad3f-c72b-44be-a17e-138cb7905f81', '{"action":"login","actor_id":"08d251b5-58c2-4b8e-99d6-a02940d31b55","actor_name":"masakinihirota","actor_username":"masakinihirota@gmail.com","actor_via_sso":false,"log_type":"account","traits":{"provider_type":"slack"}}', '2023-10-07 15:55:02.949907+00', ''),
	('00000000-0000-0000-0000-000000000000', '1c5351d8-b1f2-4e28-8972-9a7f69406c01', '{"action":"logout","actor_id":"08d251b5-58c2-4b8e-99d6-a02940d31b55","actor_name":"masakinihirota","actor_username":"masakinihirota@gmail.com","actor_via_sso":false,"log_type":"account"}', '2023-10-07 15:55:06.217597+00', ''),
	('00000000-0000-0000-0000-000000000000', 'ae2a5579-98c5-40be-8d6c-6943d12e6bfc', '{"action":"login","actor_id":"2e8e4429-e91c-4121-b753-a22ef49cbb81","actor_name":"Kumono Panya","actor_username":"kumonopanya@gmail.com","actor_via_sso":false,"log_type":"account","traits":{"provider":"email"}}', '2023-10-07 15:55:22.727305+00', ''),
	('00000000-0000-0000-0000-000000000000', '5580c103-2271-4846-b788-c9ee942188b9', '{"action":"logout","actor_id":"2e8e4429-e91c-4121-b753-a22ef49cbb81","actor_name":"Kumono Panya","actor_username":"kumonopanya@gmail.com","actor_via_sso":false,"log_type":"account"}', '2023-10-07 15:55:26.743319+00', ''),
	('00000000-0000-0000-0000-000000000000', 'f3a0c5bb-5ab7-4421-aace-ad604bec066e', '{"action":"login","actor_id":"08d251b5-58c2-4b8e-99d6-a02940d31b55","actor_name":"masakinihirota","actor_username":"masakinihirota@gmail.com","actor_via_sso":false,"log_type":"account","traits":{"provider":"github"}}', '2023-10-08 02:40:54.806643+00', ''),
	('00000000-0000-0000-0000-000000000000', 'e2548b29-649d-45a3-a90f-8b8db60982b9', '{"action":"login","actor_id":"08d251b5-58c2-4b8e-99d6-a02940d31b55","actor_name":"masakinihirota","actor_username":"masakinihirota@gmail.com","actor_via_sso":false,"log_type":"account","traits":{"provider_type":"github"}}', '2023-10-08 02:40:55.286083+00', ''),
	('00000000-0000-0000-0000-000000000000', 'b0910066-bef2-4dbb-9780-25414db1e7e5', '{"action":"login","actor_id":"08d251b5-58c2-4b8e-99d6-a02940d31b55","actor_name":"masakinihirota","actor_username":"masakinihirota@gmail.com","actor_via_sso":false,"log_type":"account","traits":{"provider":"github"}}', '2023-10-08 02:41:05.156013+00', ''),
	('00000000-0000-0000-0000-000000000000', '46a17c58-c331-4332-baa0-19f7ecdbb0fb', '{"action":"login","actor_id":"08d251b5-58c2-4b8e-99d6-a02940d31b55","actor_name":"masakinihirota","actor_username":"masakinihirota@gmail.com","actor_via_sso":false,"log_type":"account","traits":{"provider_type":"github"}}', '2023-10-08 02:41:05.256867+00', ''),
	('00000000-0000-0000-0000-000000000000', 'eb76218f-799a-4acf-a1df-93760c3034c6', '{"action":"login","actor_id":"08d251b5-58c2-4b8e-99d6-a02940d31b55","actor_name":"wiki masakinihirota","actor_username":"masakinihirota@gmail.com","actor_via_sso":false,"log_type":"account","traits":{"provider":"google"}}', '2023-10-08 02:41:15.011435+00', ''),
	('00000000-0000-0000-0000-000000000000', '6161072a-b855-488c-a6b4-c0c3145c3eee', '{"action":"login","actor_id":"08d251b5-58c2-4b8e-99d6-a02940d31b55","actor_name":"wiki masakinihirota","actor_username":"masakinihirota@gmail.com","actor_via_sso":false,"log_type":"account","traits":{"provider_type":"google"}}', '2023-10-08 02:41:15.328902+00', ''),
	('00000000-0000-0000-0000-000000000000', 'f27919f0-6081-4868-8c24-e199ea332082', '{"action":"login","actor_id":"08d251b5-58c2-4b8e-99d6-a02940d31b55","actor_name":"masakinihirota","actor_username":"masakinihirota@gmail.com","actor_via_sso":false,"log_type":"account","traits":{"provider":"slack"}}', '2023-10-08 02:41:27.867354+00', ''),
	('00000000-0000-0000-0000-000000000000', 'c56f0bff-9f8d-4263-92dd-9790684314a4', '{"action":"login","actor_id":"08d251b5-58c2-4b8e-99d6-a02940d31b55","actor_name":"masakinihirota","actor_username":"masakinihirota@gmail.com","actor_via_sso":false,"log_type":"account","traits":{"provider_type":"slack"}}', '2023-10-08 02:41:27.95687+00', ''),
	('00000000-0000-0000-0000-000000000000', 'fce9625e-db31-4f33-a633-2529acacdccf', '{"action":"logout","actor_id":"08d251b5-58c2-4b8e-99d6-a02940d31b55","actor_name":"masakinihirota","actor_username":"masakinihirota@gmail.com","actor_via_sso":false,"log_type":"account"}', '2023-10-08 02:43:06.548651+00', ''),
	('00000000-0000-0000-0000-000000000000', 'dd28696e-f6eb-4400-8705-5fe50a34319b', '{"action":"login","actor_id":"08d251b5-58c2-4b8e-99d6-a02940d31b55","actor_name":"masakinihirota","actor_username":"masakinihirota@gmail.com","actor_via_sso":false,"log_type":"account","traits":{"provider":"github"}}', '2023-10-19 05:55:26.810858+00', ''),
	('00000000-0000-0000-0000-000000000000', '301f1472-7fd1-47a9-8bf8-3e5c077ff687', '{"action":"login","actor_id":"08d251b5-58c2-4b8e-99d6-a02940d31b55","actor_name":"masakinihirota","actor_username":"masakinihirota@gmail.com","actor_via_sso":false,"log_type":"account","traits":{"provider_type":"github"}}', '2023-10-19 05:55:27.350066+00', '');


--
-- Data for Name: flow_state; Type: TABLE DATA; Schema: auth; Owner: supabase_auth_admin
--

INSERT INTO "auth"."flow_state" ("id", "user_id", "auth_code", "code_challenge_method", "code_challenge", "provider_type", "provider_access_token", "provider_refresh_token", "created_at", "updated_at", "authentication_method") VALUES
	('efce0411-7b60-4a3c-b2a1-d34a6c372653', '08d251b5-58c2-4b8e-99d6-a02940d31b55', '58b6a4d2-a5e3-4b2f-a28c-bd69df206fd5', 's256', 'ibqaifJBW-F3VibdZG_zqgta-nLv2Fn5DA12DX7uHCI', 'magiclink', '', '', '2023-10-02 21:32:31.933967+00', '2023-10-02 21:32:31.933967+00', 'magiclink'),
	('de195af3-0d76-4651-aa62-d2ddf8b031a2', '2e8e4429-e91c-4121-b753-a22ef49cbb81', '0b95e9e9-bddc-41dc-8c91-6a592d0e9331', 's256', '3dWyEsqHpWYQS11ewdAE0xLyKFsDGFpC5484gI0aJMg', 'magiclink', '', '', '2023-10-02 21:34:44.013919+00', '2023-10-02 21:34:44.013919+00', 'magiclink'),
	('12aaf97f-60b6-456c-9595-004362bfdb84', '08d251b5-58c2-4b8e-99d6-a02940d31b55', '15f7c632-4676-4183-bf81-7477f6b1e34c', 's256', 'S3IFRhZ5fIPHpys63kdfNxtBWOKl9UN79ef_2zcCWDQ', 'github', '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', '', '2023-10-03 02:58:41.005395+00', '2023-10-03 02:58:42.297214+00', 'oauth'),
	('836aff80-b012-4b42-b47d-b518f822dff1', NULL, '25d75ad0-4166-4af4-9f38-c30fb5281d48', 's256', '_UdmtaljPwSgC1TPDGcNauAo4BDurofeMNNT4sF2Vbs', 'slack', '', '', '2023-10-03 03:00:21.671391+00', '2023-10-03 03:00:21.671391+00', 'oauth'),
	('999bf49b-a563-4148-a1e6-fe5c80106560', NULL, 'd6dfd0f8-535b-4ec1-bef1-8c902b377eb9', 's256', '5FnfcoHwd0Xgx05RBsz7A_Pmrnn07Kfu1bSOxo7HiYI', 'slack', '', '', '2023-10-03 17:39:07.779118+00', '2023-10-03 17:39:07.779118+00', 'oauth'),
	('a9276197-214f-4c77-8798-ba12e65063a8', '2e8e4429-e91c-4121-b753-a22ef49cbb81', '11f38132-aba6-461b-bfd7-47034f1f46ca', 's256', 'EyPFXf9z2KZchlUZnyRu8DIw9cTLidLu2pR8YZfC-Bg', 'email', '', '', '2023-10-02 01:02:35.530185+00', '2023-10-02 01:02:35.530185+00', 'email/signup'),
	('6fa4dbbd-321b-400a-9bd7-867dac1b9004', '08d251b5-58c2-4b8e-99d6-a02940d31b55', '47e1a33e-9590-4d58-9440-9afc6eccdb98', 's256', '8SiMt_a6AMm10aLtDlDaOWzPwElHzeFpi1aHvz0QOZQ', 'github', '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', '', '2023-10-02 02:54:16.606517+00', '2023-10-02 02:54:17.838746+00', 'oauth'),
	('d5fb841a-0f29-4794-8878-817d6b601010', '2e8e4429-e91c-4121-b753-a22ef49cbb81', '9c6ec611-e76f-445f-888a-13b6000164d8', 's256', 'e7QPTQ4XdkuzU8z1IqjL9mvdtZxrDvEmXzXez49_17E', 'magiclink', '', '', '2023-10-02 02:56:35.976054+00', '2023-10-02 02:56:35.976054+00', 'magiclink'),
	('95d17b2d-03f9-401a-9140-9d93d912ad0f', '08d251b5-58c2-4b8e-99d6-a02940d31b55', '7645f413-fe51-4710-aa6c-0e0d6013ae22', 's256', 'zbES0DNCZgOU6uk1yKJaSMbLjiMCOPKhcwq8mBKrdxk', 'magiclink', '', '', '2023-10-02 03:05:40.087409+00', '2023-10-02 03:05:40.087409+00', 'magiclink'),
	('8c029552-252d-4c23-95de-8b3134b0114e', '08d251b5-58c2-4b8e-99d6-a02940d31b55', '93ea01e1-0d53-476c-b793-1068450bdbe0', 's256', 'lpvOwbHeKOtXA2u0UOnvJsTwlTH9gCAvX2nhdEOikiY', 'github', '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', '', '2023-10-02 03:22:52.140785+00', '2023-10-02 03:22:54.130382+00', 'oauth'),
	('102bc92b-a0da-4220-acc2-25c437408923', '2e8e4429-e91c-4121-b753-a22ef49cbb81', 'd4cfccdf-44b9-4cca-a35c-8ff5e4842ff6', 's256', 'bW7_JTSgmd6OwChnQIZLO8owDpp4wib7YAWWgKRzaa8', 'magiclink', '', '', '2023-10-02 03:45:03.647508+00', '2023-10-02 03:45:03.647508+00', 'magiclink'),
	('1bbc55da-0a81-44bd-9e18-159b2adf43e3', '08d251b5-58c2-4b8e-99d6-a02940d31b55', 'b1e31cb7-88d5-405a-a07b-6904f8026b9d', 's256', 'uM0xOGDgzbF9ZR0KgnfzqU_mXFKTL7jkEsDH1hVShZU', 'github', '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', '', '2023-10-02 03:45:57.220852+00', '2023-10-02 03:45:58.48157+00', 'oauth'),
	('800499bf-3eb6-4264-95cc-7d01e507514a', '2e8e4429-e91c-4121-b753-a22ef49cbb81', '3af42a1d-716c-4a0d-8530-2a8be4387b69', 's256', 'M_8IB7t0l5ibAFNzAUK_IGDAG5PblgJ7yfweEmtz8-g', 'magiclink', '', '', '2023-10-02 15:52:19.102846+00', '2023-10-02 15:52:19.102846+00', 'magiclink'),
	('58b5d449-5c55-48a2-b679-ca9727ed6985', NULL, '1fd459bb-8379-4b5a-90b4-b38f52eef2e7', 's256', 'd3dpFcNQ5cZ_vzIRxqzO9e5SvXuqPh2nBoAP7cyxVRo', 'google', '', '', '2023-10-07 10:55:57.48957+00', '2023-10-07 10:55:57.48957+00', 'oauth'),
	('8e493f5e-0b96-43d9-ae8c-6900a4029d7d', '08d251b5-58c2-4b8e-99d6-a02940d31b55', 'bdd80a19-b54f-4c4a-aa8f-9c00b31d46be', 's256', 'e6_zIUm7yZGYO1BVJXBAjfQpg9w5TeUfAUjWWWmE0yw', 'github', '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', '', '2023-10-02 17:31:43.203817+00', '2023-10-02 17:31:44.405749+00', 'oauth'),
	('bc9b0f60-cb0e-425f-9d66-eceb1527f864', NULL, '1de5d3da-87c3-42ea-973e-a3ccd2135d80', 's256', 'iqn9R_eCqKxpEttU1fcM8IV-8Kn3bY8sdXLNmlinLPg', 'slack', '', '', '2023-10-11 04:15:28.021466+00', '2023-10-11 04:15:28.021466+00', 'oauth'),
	('5fdb5f9d-0677-49ef-a4b5-0eb077e8b76f', NULL, '1aa4bf37-9c6f-4276-8485-41ae2e8815c8', 's256', 'FLF3ABQYNoAlc8P4-zslbiytTPfrlJXwFhBcvo-QQ2g', 'github', '', '', '2023-10-11 04:15:29.673843+00', '2023-10-11 04:15:29.673843+00', 'oauth'),
	('9a467312-d602-462b-9eed-c1edc35e97e3', NULL, 'baa42e65-f745-4891-ad78-6995fa24e198', 's256', '9xoIEkGiKKt1-hxtmxQD3JouPoMlC4IHXq7BT2OpheI', 'google', '', '', '2023-10-11 04:15:31.715531+00', '2023-10-11 04:15:31.715531+00', 'oauth'),
	('ff3a2203-8a97-47f1-bf88-4cfb8434c848', NULL, '6eb4cb47-7d74-4636-b013-55934e7d0000', 's256', 'f73wu7R6AFePK17z7_QFHN76rSG4VPX_ECTDHdnzzBw', 'slack', '', '', '2023-10-11 04:25:31.613941+00', '2023-10-11 04:25:31.613941+00', 'oauth'),
	('57fa95d2-e6bb-487b-8e04-dae15ebf640a', NULL, 'c44f6180-d310-41ef-9c09-e1a4dee9d0cb', 's256', 'x8NWRm4Jro0-sCjnGFXdneM-DaOTCO9EQcjUHq6fhTk', 'google', '', '', '2023-10-11 04:31:44.944858+00', '2023-10-11 04:31:44.944858+00', 'oauth'),
	('86f9742f-6ebe-4a57-ac46-3ffd4c6e9edd', NULL, '08e49f5d-44a8-43d8-a2f9-9a1cde635907', 's256', 'CUZLuXcMEEL_EiUMjWAn_Rvc1jeBt37ACyAm6KtYh-8', 'github', '', '', '2023-10-11 05:05:43.183228+00', '2023-10-11 05:05:43.183228+00', 'oauth');


--
-- Data for Name: users; Type: TABLE DATA; Schema: auth; Owner: supabase_auth_admin
--

INSERT INTO "auth"."users" ("instance_id", "id", "aud", "role", "email", "encrypted_password", "email_confirmed_at", "invited_at", "confirmation_token", "confirmation_sent_at", "recovery_token", "recovery_sent_at", "email_change_token_new", "email_change", "email_change_sent_at", "last_sign_in_at", "raw_app_meta_data", "raw_user_meta_data", "is_super_admin", "created_at", "updated_at", "phone", "phone_confirmed_at", "phone_change", "phone_change_token", "phone_change_sent_at", "email_change_token_current", "email_change_confirm_status", "banned_until", "reauthentication_token", "reauthentication_sent_at", "is_sso_user", "deleted_at") VALUES
	('00000000-0000-0000-0000-000000000000', '2e8e4429-e91c-4121-b753-a22ef49cbb81', 'authenticated', 'authenticated', 'kumonopanya@gmail.com', '$2a$10$pKet.B/muZx6T4o2u5wyaeyg2DnXzzxHab5EdBCR1EEd1WMA4rnq.', '2023-10-02 01:02:50.721059+00', NULL, '', '2023-10-02 01:02:35.531316+00', '', '2023-10-02 21:34:44.014518+00', '', '', NULL, '2023-10-07 15:55:22.728011+00', '{"provider": "email", "providers": ["google", "email"]}', '{"iss": "https://accounts.google.com", "sub": "100841977926774162542", "name": "Kumono Panya", "email": "kumonopanya@gmail.com", "picture": "https://lh3.googleusercontent.com/a/ACg8ocKNYVO4icWsvAhewpxuLWvhjlI2J1DW-hO51RvKCwryJNE=s96-c", "full_name": "Kumono Panya", "avatar_url": "https://lh3.googleusercontent.com/a/ACg8ocKNYVO4icWsvAhewpxuLWvhjlI2J1DW-hO51RvKCwryJNE=s96-c", "provider_id": "100841977926774162542", "email_verified": true}', NULL, '2023-10-02 01:02:35.523657+00', '2023-10-07 15:55:22.730359+00', NULL, NULL, '', '', NULL, '', 0, NULL, '', NULL, false, NULL),
	('00000000-0000-0000-0000-000000000000', '08d251b5-58c2-4b8e-99d6-a02940d31b55', 'authenticated', 'authenticated', 'masakinihirota@gmail.com', '', '2023-09-30 21:18:20.034834+00', NULL, '', NULL, '', '2023-10-02 21:32:31.935109+00', '', '', NULL, '2023-10-19 05:55:27.352577+00', '{"provider": "github", "providers": ["github", "google", "slack"]}', '{"iss": "https://api.github.com", "sub": "7696510", "name": "masakinihirota", "email": "masakinihirota@gmail.com", "picture": "https://secure.gravatar.com/avatar/caed24fcfddb1181a8f621069a6bea15.jpg?s=512&d=https%3A%2F%2Fa.slack-edge.com%2Fdf10d%2Fimg%2Favatars%2Fava_0018-512.png", "full_name": "masakinihirota", "user_name": "masakinihirota", "avatar_url": "https://avatars.githubusercontent.com/u/7696510?v=4", "provider_id": "7696510", "custom_claims": {"https://slack.com/team_id": "T05UQH4AYAZ"}, "email_verified": true, "preferred_username": "masakinihirota"}', NULL, '2023-09-30 21:18:20.026156+00', '2023-10-19 05:55:27.372937+00', NULL, NULL, '', '', NULL, '', 0, NULL, '', NULL, false, NULL);


--
-- Data for Name: identities; Type: TABLE DATA; Schema: auth; Owner: supabase_auth_admin
--

INSERT INTO "auth"."identities" ("id", "user_id", "identity_data", "provider", "last_sign_in_at", "created_at", "updated_at") VALUES
	('7696510', '08d251b5-58c2-4b8e-99d6-a02940d31b55', '{"iss": "https://api.github.com", "sub": "7696510", "name": "masakinihirota", "email": "masakinihirota@gmail.com", "full_name": "masakinihirota", "user_name": "masakinihirota", "avatar_url": "https://avatars.githubusercontent.com/u/7696510?v=4", "provider_id": "7696510", "email_verified": true, "preferred_username": "masakinihirota"}', 'github', '2023-09-30 21:18:20.032125+00', '2023-09-30 21:18:20.032168+00', '2023-10-19 05:55:26.802243+00'),
	('102582425808176473762', '08d251b5-58c2-4b8e-99d6-a02940d31b55', '{"iss": "https://accounts.google.com", "sub": "102582425808176473762", "name": "wiki masakinihirota", "email": "masakinihirota@gmail.com", "picture": "https://lh3.googleusercontent.com/a/ACg8ocJVJtkJ3x-KVbzzwmwPd08dl0lvChtjufV1fiqj4LcO=s96-c", "full_name": "wiki masakinihirota", "avatar_url": "https://lh3.googleusercontent.com/a/ACg8ocJVJtkJ3x-KVbzzwmwPd08dl0lvChtjufV1fiqj4LcO=s96-c", "provider_id": "102582425808176473762", "email_verified": true}', 'google', '2023-10-02 21:31:11.227922+00', '2023-10-02 21:31:11.227997+00', '2023-10-08 02:41:15.009827+00'),
	('100841977926774162542', '2e8e4429-e91c-4121-b753-a22ef49cbb81', '{"iss": "https://accounts.google.com", "sub": "100841977926774162542", "name": "Kumono Panya", "email": "kumonopanya@gmail.com", "picture": "https://lh3.googleusercontent.com/a/ACg8ocKNYVO4icWsvAhewpxuLWvhjlI2J1DW-hO51RvKCwryJNE=s96-c", "full_name": "Kumono Panya", "avatar_url": "https://lh3.googleusercontent.com/a/ACg8ocKNYVO4icWsvAhewpxuLWvhjlI2J1DW-hO51RvKCwryJNE=s96-c", "provider_id": "100841977926774162542", "email_verified": true}', 'google', '2023-10-02 21:31:26.638181+00', '2023-10-02 21:31:26.638219+00', '2023-10-03 18:29:43.914166+00'),
	('U0602EPTYL8', '08d251b5-58c2-4b8e-99d6-a02940d31b55', '{"iss": "https://slack.com/api", "sub": "U0602EPTYL8", "name": "masakinihirota", "email": "masakinihirota@gmail.com", "picture": "https://secure.gravatar.com/avatar/caed24fcfddb1181a8f621069a6bea15.jpg?s=512&d=https%3A%2F%2Fa.slack-edge.com%2Fdf10d%2Fimg%2Favatars%2Fava_0018-512.png", "full_name": "masakinihirota", "avatar_url": "https://secure.gravatar.com/avatar/caed24fcfddb1181a8f621069a6bea15.jpg?s=512&d=https%3A%2F%2Fa.slack-edge.com%2Fdf10d%2Fimg%2Favatars%2Fava_0018-512.png", "provider_id": "U0602EPTYL8", "custom_claims": {"https://slack.com/team_id": "T05UQH4AYAZ"}, "email_verified": true}', 'slack', '2023-10-02 18:37:11.731616+00', '2023-10-02 18:37:11.731662+00', '2023-10-08 02:41:27.865644+00'),
	('2e8e4429-e91c-4121-b753-a22ef49cbb81', '2e8e4429-e91c-4121-b753-a22ef49cbb81', '{"sub": "2e8e4429-e91c-4121-b753-a22ef49cbb81", "email": "kumonopanya@gmail.com"}', 'email', '2023-10-02 01:02:35.52789+00', '2023-10-02 01:02:35.527926+00', '2023-10-02 01:02:35.527926+00');


--
-- Data for Name: instances; Type: TABLE DATA; Schema: auth; Owner: supabase_auth_admin
--



--
-- Data for Name: sessions; Type: TABLE DATA; Schema: auth; Owner: supabase_auth_admin
--

INSERT INTO "auth"."sessions" ("id", "user_id", "created_at", "updated_at", "factor_id", "aal", "not_after") VALUES
	('9174db79-6cec-4353-94b6-451481d43e89', '08d251b5-58c2-4b8e-99d6-a02940d31b55', '2023-10-19 05:55:27.352649+00', '2023-10-19 05:55:27.352649+00', NULL, 'aal1', NULL);


--
-- Data for Name: mfa_amr_claims; Type: TABLE DATA; Schema: auth; Owner: supabase_auth_admin
--

INSERT INTO "auth"."mfa_amr_claims" ("session_id", "created_at", "updated_at", "authentication_method", "id") VALUES
	('9174db79-6cec-4353-94b6-451481d43e89', '2023-10-19 05:55:27.373513+00', '2023-10-19 05:55:27.373513+00', 'oauth', '9334f62e-8ce5-4ba8-8851-3c7aae3a0031');


--
-- Data for Name: mfa_factors; Type: TABLE DATA; Schema: auth; Owner: supabase_auth_admin
--



--
-- Data for Name: mfa_challenges; Type: TABLE DATA; Schema: auth; Owner: supabase_auth_admin
--



--
-- Data for Name: refresh_tokens; Type: TABLE DATA; Schema: auth; Owner: supabase_auth_admin
--

INSERT INTO "auth"."refresh_tokens" ("instance_id", "id", "token", "user_id", "revoked", "created_at", "updated_at", "parent", "session_id") VALUES
	('00000000-0000-0000-0000-000000000000', 168, 'Hz9d6tuH5z9sxgsl3sSP-g', '08d251b5-58c2-4b8e-99d6-a02940d31b55', false, '2023-10-19 05:55:27.358432+00', '2023-10-19 05:55:27.358432+00', NULL, '9174db79-6cec-4353-94b6-451481d43e89');


--
-- Data for Name: sso_providers; Type: TABLE DATA; Schema: auth; Owner: supabase_auth_admin
--



--
-- Data for Name: saml_providers; Type: TABLE DATA; Schema: auth; Owner: supabase_auth_admin
--



--
-- Data for Name: saml_relay_states; Type: TABLE DATA; Schema: auth; Owner: supabase_auth_admin
--



--
-- Data for Name: sso_domains; Type: TABLE DATA; Schema: auth; Owner: supabase_auth_admin
--



--
-- Data for Name: todos; Type: TABLE DATA; Schema: public; Owner: postgres
--

INSERT INTO "public"."todos" ("id", "created_at", "title", "is_complete", "user_id") VALUES
	('2a2eb763-d731-4fff-a429-8a357fc392c8', '2023-10-19 06:04:05.083185+00', 'Create Supabase project', false, NULL),
	('92ca399a-0cab-4667-bb24-4efdf5400bbf', '2023-10-19 06:04:05.083185+00', 'Create Next.js app from Supabase Starter template', false, NULL),
	('006105e4-cded-46f9-9b9e-5fc8573d1900', '2023-10-19 06:04:05.083185+00', 'Keep building cool stuff!', false, NULL),
	('8bf599da-ef43-4743-bb11-da6598b57dbf', '2023-10-19 06:05:41.625273+00', 'Create Supabase project', false, NULL),
	('768932f1-4ede-4da8-a3d0-43af3c062941', '2023-10-19 06:05:41.625273+00', 'Create Next.js app from Supabase Starter template', false, NULL),
	('03233518-974d-423c-9052-ba5bcc540f9f', '2023-10-19 06:05:41.625273+00', 'Keep building cool stuff!', false, NULL),
	('02efe37f-ab8c-4154-aa13-0fd6419d5955', '2023-10-19 06:21:33.53373+00', '', false, '08d251b5-58c2-4b8e-99d6-a02940d31b55');


--
-- Data for Name: buckets; Type: TABLE DATA; Schema: storage; Owner: supabase_storage_admin
--



--
-- Data for Name: objects; Type: TABLE DATA; Schema: storage; Owner: supabase_storage_admin
--



--
-- Name: refresh_tokens_id_seq; Type: SEQUENCE SET; Schema: auth; Owner: supabase_auth_admin
--

SELECT pg_catalog.setval('"auth"."refresh_tokens_id_seq"', 168, true);


--
-- PostgreSQL database dump complete
--

RESET ALL;
